e00fce680cdac6c15e5dfc75,2/19/2024 22:12:13,waterLevel_0001,waterLevel,1708398731,192.33333,4.13,95.29
e00fce686649823d18a012b5,2/19/2024 22:12:13,waterLevel_0000,waterLevel,1708398730,166.67500,4.14,97.66
e00fce680cdac6c15e5dfc75,2/19/2024 22:18:12,waterLevel_0001,waterLevel,1708399090,193.43889,4.13,95.29
e00fce686649823d18a012b5,2/19/2024 22:18:13,waterLevel_0000,waterLevel,1708399091,206.66945,4.14,97.66
e00fce680cdac6c15e5dfc75,2/19/2024 22:24:12,waterLevel_0001,waterLevel,1708399450,194.37361,4.13,95.29
e00fce686649823d18a012b5,2/19/2024 22:24:13,waterLevel_0000,waterLevel,1708399451,162.80278,4.14,97.66
e00fce686649823d18a012b5,2/19/2024 22:30:12,waterLevel_0000,waterLevel,1708399810,232.84584,4.14,97.66
e00fce680cdac6c15e5dfc75,2/19/2024 22:30:12,waterLevel_0001,waterLevel,1708399810,193.49445,4.13,95.29
e00fce686649823d18a012b5,2/19/2024 22:36:11,waterLevel_0000,waterLevel,1708400170,462.62918,4.14,97.50
e00fce680cdac6c15e5dfc75,2/19/2024 22:36:12,waterLevel_0001,waterLevel,1708400170,191.80833,4.13,95.29
e00fce686649823d18a012b5,2/19/2024 22:42:12,waterLevel_0000,waterLevel,1708400531,377.73611,4.14,97.50
e00fce680cdac6c15e5dfc75,2/19/2024 22:42:13,waterLevel_0001,waterLevel,1708400530,192.36111,4.13,95.29
e00fce686649823d18a012b5,2/19/2024 22:48:13,waterLevel_0000,waterLevel,1708400891,134.91251,4.14,97.50
e00fce680cdac6c15e5dfc75,2/19/2024 22:48:13,waterLevel_0001,waterLevel,1708400890,191.28195,4.13,95.29
e00fce686649823d18a012b5,2/19/2024 22:54:13,waterLevel_0000,waterLevel,1708401251,158.77916,4.14,97.50
e00fce680cdac6c15e5dfc75,2/19/2024 22:54:13,waterLevel_0001,waterLevel,1708401250,183.44028,4.13,95.13
e00fce686649823d18a012b5,2/19/2024 23:00:13,waterLevel_0000,waterLevel,1708401611,415.70694,4.14,97.50
e00fce680cdac6c15e5dfc75,2/19/2024 23:00:12,waterLevel_0001,waterLevel,1708401610,185.42361,4.13,95.13
e00fce686649823d18a012b5,2/19/2024 23:06:12,waterLevel_0000,waterLevel,1708401970,177.60695,4.14,97.50
e00fce680cdac6c15e5dfc75,2/19/2024 23:06:13,waterLevel_0001,waterLevel,1708401970,183.58333,4.13,95.13
e00fce686649823d18a012b5,2/19/2024 23:12:12,waterLevel_0000,waterLevel,1708402330,354.21390,4.14,97.50
e00fce680cdac6c15e5dfc75,2/19/2024 23:12:12,waterLevel_0001,waterLevel,1708402330,182.28612,4.13,95.13
e00fce686649823d18a012b5,2/19/2024 23:18:12,waterLevel_0000,waterLevel,1708402690,134.30972,4.14,97.34
e00fce680cdac6c15e5dfc75,2/19/2024 23:18:12,waterLevel_0001,waterLevel,1708402690,180.06389,4.13,95.13
e00fce686649823d18a012b5,2/19/2024 23:24:12,waterLevel_0000,waterLevel,1708403050,511.54999,4.14,97.34
e00fce680cdac6c15e5dfc75,2/19/2024 23:24:13,waterLevel_0001,waterLevel,1708403050,179.46249,4.13,95.13
e00fce686649823d18a012b5,2/19/2024 23:30:12,waterLevel_0000,waterLevel,1708403410,151.81111,4.14,97.34
e00fce680cdac6c15e5dfc75,2/19/2024 23:30:13,waterLevel_0001,waterLevel,1708403410,177.24445,4.12,95.13
e00fce686649823d18a012b5,2/19/2024 23:36:12,waterLevel_0000,waterLevel,1708403770,453.33472,4.14,97.34
e00fce686649823d18a012b5,2/19/2024 23:42:12,waterLevel_0000,waterLevel,1708404130,216.75278,4.14,97.34
e00fce680cdac6c15e5dfc75,2/19/2024 23:42:13,waterLevel_0001,waterLevel,1708404130,171.04723,4.12,94.97
e00fce686649823d18a012b5,2/19/2024 23:48:12,waterLevel_0000,waterLevel,1708404490,496.56946,4.14,97.34
e00fce680cdac6c15e5dfc75,2/19/2024 23:48:13,waterLevel_0001,waterLevel,1708404490,171.32916,4.12,94.97
e00fce686649823d18a012b5,2/19/2024 23:54:12,waterLevel_0000,waterLevel,1708404850,319.83612,4.14,97.18
e00fce680cdac6c15e5dfc75,2/19/2024 23:54:13,waterLevel_0001,waterLevel,1708404850,169.96111,4.12,94.97
e00fce680cdac6c15e5dfc75,2/20/2024 0:00:13,waterLevel_0001,waterLevel,1708405210,168.04584,4.12,94.97
e00fce686649823d18a012b5,2/20/2024 0:00:12,waterLevel_0000,waterLevel,1708405210,135.35556,4.14,97.18
e00fce680cdac6c15e5dfc75,2/20/2024 0:06:13,waterLevel_0001,waterLevel,1708405570,165.23334,4.12,94.97
e00fce686649823d18a012b5,2/20/2024 0:06:12,waterLevel_0000,waterLevel,1708405570,391.44446,4.14,97.18
e00fce686649823d18a012b5,2/20/2024 0:12:13,waterLevel_0000,waterLevel,1708405930,288.43054,4.14,97.18
e00fce680cdac6c15e5dfc75,2/20/2024 0:12:13,waterLevel_0001,waterLevel,1708405930,162.61945,4.12,94.97
e00fce686649823d18a012b5,2/20/2024 0:18:13,waterLevel_0000,waterLevel,1708406291,191.20694,4.13,97.18
e00fce680cdac6c15e5dfc75,2/20/2024 0:18:13,waterLevel_0001,waterLevel,1708406290,161.33888,4.12,94.97
e00fce686649823d18a012b5,2/20/2024 0:24:13,waterLevel_0000,waterLevel,1708406651,423.02917,4.14,97.18
e00fce680cdac6c15e5dfc75,2/20/2024 0:24:13,waterLevel_0001,waterLevel,1708406650,158.95833,4.12,94.81
e00fce686649823d18a012b5,2/20/2024 0:30:12,waterLevel_0000,waterLevel,1708407010,315.72223,4.13,97.03
e00fce680cdac6c15e5dfc75,2/20/2024 0:30:13,waterLevel_0001,waterLevel,1708407011,157.59723,4.12,94.81
e00fce686649823d18a012b5,2/20/2024 0:36:12,waterLevel_0000,waterLevel,1708407370,117.90694,4.13,97.03
e00fce680cdac6c15e5dfc75,2/20/2024 0:36:13,waterLevel_0001,waterLevel,1708407371,155.85973,4.12,94.81
e00fce686649823d18a012b5,2/20/2024 0:42:12,waterLevel_0000,waterLevel,1708407730,545.79724,4.13,97.03
e00fce680cdac6c15e5dfc75,2/20/2024 0:42:12,waterLevel_0001,waterLevel,1708407730,153.73473,4.12,94.81
e00fce686649823d18a012b5,2/20/2024 0:48:12,waterLevel_0000,waterLevel,1708408090,200.82777,4.13,97.03
e00fce680cdac6c15e5dfc75,2/20/2024 0:48:12,waterLevel_0001,waterLevel,1708408090,151.74445,4.12,94.81
e00fce680cdac6c15e5dfc75,2/20/2024 0:54:13,waterLevel_0001,waterLevel,1708408450,149.37917,4.12,94.81
e00fce686649823d18a012b5,2/20/2024 0:54:12,waterLevel_0000,waterLevel,1708408450,431.84723,4.13,97.03
e00fce686649823d18a012b5,2/20/2024 1:00:12,waterLevel_0000,waterLevel,1708408810,281.44028,4.13,97.03
e00fce680cdac6c15e5dfc75,2/20/2024 1:00:13,waterLevel_0001,waterLevel,1708408810,147.82639,4.12,94.81
e00fce686649823d18a012b5,2/20/2024 1:06:12,waterLevel_0000,waterLevel,1708409170,499.07083,4.13,96.87
e00fce680cdac6c15e5dfc75,2/20/2024 1:06:13,waterLevel_0001,waterLevel,1708409170,144.69167,4.12,94.65
e00fce686649823d18a012b5,2/20/2024 1:12:12,waterLevel_0000,waterLevel,1708409530,176.59862,4.13,96.87
e00fce680cdac6c15e5dfc75,2/20/2024 1:12:13,waterLevel_0001,waterLevel,1708409530,142.93333,4.12,94.65
e00fce680cdac6c15e5dfc75,2/20/2024 1:18:13,waterLevel_0001,waterLevel,1708409890,139.66806,4.12,94.65
e00fce686649823d18a012b5,2/20/2024 1:18:12,waterLevel_0000,waterLevel,1708409890,304.89722,4.13,96.87
e00fce686649823d18a012b5,2/20/2024 1:24:12,waterLevel_0000,waterLevel,1708410250,364.21805,4.13,96.87
e00fce680cdac6c15e5dfc75,2/20/2024 1:24:13,waterLevel_0001,waterLevel,1708410250,136.91528,4.12,94.65
e00fce686649823d18a012b5,2/20/2024 1:30:12,waterLevel_0000,waterLevel,1708410610,383.29166,4.13,96.87
e00fce680cdac6c15e5dfc75,2/20/2024 1:30:20,waterLevel_0001,waterLevel,1708410610,135.55695,4.12,94.65
e00fce686649823d18a012b5,2/20/2024 1:36:12,waterLevel_0000,waterLevel,1708410970,286.40833,4.13,96.71
e00fce680cdac6c15e5dfc75,2/20/2024 1:36:13,waterLevel_0001,waterLevel,1708410970,132.47362,4.12,94.65
e00fce686649823d18a012b5,2/20/2024 1:42:12,waterLevel_0000,waterLevel,1708411330,358.18472,4.13,96.71
e00fce680cdac6c15e5dfc75,2/20/2024 1:42:13,waterLevel_0001,waterLevel,1708411330,129.69444,4.12,94.65
e00fce686649823d18a012b5,2/20/2024 1:48:12,waterLevel_0000,waterLevel,1708411690,310.71112,4.13,96.71
e00fce680cdac6c15e5dfc75,2/20/2024 1:48:13,waterLevel_0001,waterLevel,1708411690,127.45834,4.12,94.50
e00fce680cdac6c15e5dfc75,2/20/2024 1:54:13,waterLevel_0001,waterLevel,1708412050,125.37639,4.12,94.50
e00fce686649823d18a012b5,2/20/2024 1:54:12,waterLevel_0000,waterLevel,1708412050,244.70277,4.13,96.71
e00fce686649823d18a012b5,2/20/2024 2:00:12,waterLevel_0000,waterLevel,1708412410,590.58612,4.12,96.71
e00fce680cdac6c15e5dfc75,2/20/2024 2:00:13,waterLevel_0001,waterLevel,1708412410,123.82639,4.12,94.50
e00fce686649823d18a012b5,2/20/2024 2:06:13,waterLevel_0000,waterLevel,1708412770,434.92221,4.12,96.71
e00fce680cdac6c15e5dfc75,2/20/2024 2:06:13,waterLevel_0001,waterLevel,1708412770,121.58334,4.12,94.50
e00fce686649823d18a012b5,2/20/2024 2:12:13,waterLevel_0000,waterLevel,1708413131,319.46249,4.12,96.55
e00fce680cdac6c15e5dfc75,2/20/2024 2:12:14,waterLevel_0001,waterLevel,1708413131,118.92361,4.12,94.50
e00fce686649823d18a012b5,2/20/2024 2:18:12,waterLevel_0000,waterLevel,1708413490,322.03751,4.12,96.55
e00fce680cdac6c15e5dfc75,2/20/2024 2:18:13,waterLevel_0001,waterLevel,1708413490,116.92639,4.11,94.50
e00fce686649823d18a012b5,2/20/2024 2:24:12,waterLevel_0000,waterLevel,1708413850,423.23749,4.12,96.55
e00fce680cdac6c15e5dfc75,2/20/2024 2:24:12,waterLevel_0001,waterLevel,1708413850,113.49028,4.11,94.34
e00fce686649823d18a012b5,2/20/2024 2:30:12,waterLevel_0000,waterLevel,1708414210,308.30139,4.12,96.55
e00fce680cdac6c15e5dfc75,2/20/2024 2:30:13,waterLevel_0001,waterLevel,1708414211,111.59444,4.11,94.34
e00fce686649823d18a012b5,2/20/2024 2:36:12,waterLevel_0000,waterLevel,1708414570,550.67224,4.12,96.39
e00fce680cdac6c15e5dfc75,2/20/2024 2:36:13,waterLevel_0001,waterLevel,1708414571,109.11806,4.11,94.34
e00fce686649823d18a012b5,2/20/2024 2:42:12,waterLevel_0000,waterLevel,1708414930,385.78473,4.12,96.39
e00fce680cdac6c15e5dfc75,2/20/2024 2:42:13,waterLevel_0001,waterLevel,1708414930,106.84583,4.11,94.34
e00fce686649823d18a012b5,2/20/2024 2:48:12,waterLevel_0000,waterLevel,1708415290,158.16945,4.11,96.39
e00fce680cdac6c15e5dfc75,2/20/2024 2:48:13,waterLevel_0001,waterLevel,1708415290,103.54861,4.11,94.34
e00fce686649823d18a012b5,2/20/2024 2:54:12,waterLevel_0000,waterLevel,1708415650,501.30417,4.11,96.39
e00fce680cdac6c15e5dfc75,2/20/2024 2:54:13,waterLevel_0001,waterLevel,1708415650,101.24861,4.11,94.34
e00fce686649823d18a012b5,2/20/2024 3:00:12,waterLevel_0000,waterLevel,1708416010,204.15973,4.11,96.23
e00fce680cdac6c15e5dfc75,2/20/2024 3:00:13,waterLevel_0001,waterLevel,1708416010,99.29166,4.11,94.18
e00fce686649823d18a012b5,2/20/2024 3:06:12,waterLevel_0000,waterLevel,1708416370,347.59167,4.11,96.23
e00fce680cdac6c15e5dfc75,2/20/2024 3:06:13,waterLevel_0001,waterLevel,1708416370,98.98889,4.11,94.18
e00fce686649823d18a012b5,2/20/2024 3:12:12,waterLevel_0000,waterLevel,1708416730,156.18472,4.11,96.23
e00fce680cdac6c15e5dfc75,2/20/2024 3:12:13,waterLevel_0001,waterLevel,1708416730,96.46528,4.11,94.18
e00fce686649823d18a012b5,2/20/2024 3:18:12,waterLevel_0000,waterLevel,1708417090,388.00140,4.11,96.23
e00fce680cdac6c15e5dfc75,2/20/2024 3:18:13,waterLevel_0001,waterLevel,1708417090,94.70000,4.11,94.18
e00fce686649823d18a012b5,2/20/2024 3:24:12,waterLevel_0000,waterLevel,1708417450,60.57778,4.11,96.08
e00fce680cdac6c15e5dfc75,2/20/2024 3:24:13,waterLevel_0001,waterLevel,1708417450,92.56250,4.11,94.18
e00fce686649823d18a012b5,2/20/2024 3:30:12,waterLevel_0000,waterLevel,1708417810,58.91806,4.11,96.08
e00fce680cdac6c15e5dfc75,2/20/2024 3:30:13,waterLevel_0001,waterLevel,1708417810,91.14306,4.11,94.18
e00fce686649823d18a012b5,2/20/2024 3:36:12,waterLevel_0000,waterLevel,1708418170,56.53333,4.11,96.08
e00fce680cdac6c15e5dfc75,2/20/2024 3:36:13,waterLevel_0001,waterLevel,1708418170,89.09167,4.11,94.02
e00fce680cdac6c15e5dfc75,2/20/2024 3:42:13,waterLevel_0001,waterLevel,1708418530,87.36528,4.11,94.02
e00fce686649823d18a012b5,2/20/2024 3:42:13,waterLevel_0000,waterLevel,1708418530,54.77778,4.11,96.08
e00fce686649823d18a012b5,2/20/2024 3:48:13,waterLevel_0000,waterLevel,1708418890,52.20833,4.10,95.92
e00fce680cdac6c15e5dfc75,2/20/2024 3:48:13,waterLevel_0001,waterLevel,1708418890,84.98750,4.11,94.02
e00fce686649823d18a012b5,2/20/2024 3:54:13,waterLevel_0000,waterLevel,1708419251,50.48333,4.10,95.92
e00fce680cdac6c15e5dfc75,2/20/2024 3:54:13,waterLevel_0001,waterLevel,1708419250,83.39167,4.11,94.02
e00fce686649823d18a012b5,2/20/2024 4:00:12,waterLevel_0000,waterLevel,1708419610,47.79028,4.10,95.92
e00fce680cdac6c15e5dfc75,2/20/2024 4:00:13,waterLevel_0001,waterLevel,1708419610,80.83056,4.11,94.02
e00fce686649823d18a012b5,2/20/2024 4:06:12,waterLevel_0000,waterLevel,1708419970,46.87917,4.10,95.76
e00fce680cdac6c15e5dfc75,2/20/2024 4:06:14,waterLevel_0001,waterLevel,1708419970,79.15694,4.11,94.02
e00fce680cdac6c15e5dfc75,2/20/2024 4:12:14,waterLevel_0001,waterLevel,1708420331,78.27500,4.11,93.86
e00fce686649823d18a012b5,2/20/2024 4:12:15,waterLevel_0000,waterLevel,1708420330,83.36667,4.09,95.76
e00fce680cdac6c15e5dfc75,2/20/2024 4:18:13,waterLevel_0001,waterLevel,1708420690,76.88055,4.11,93.86
e00fce686649823d18a012b5,2/20/2024 4:18:13,waterLevel_0000,waterLevel,1708420690,43.68750,4.10,95.76
e00fce680cdac6c15e5dfc75,2/20/2024 4:24:13,waterLevel_0001,waterLevel,1708421050,76.04444,4.11,93.86
e00fce686649823d18a012b5,2/20/2024 4:24:13,waterLevel_0000,waterLevel,1708421051,41.02917,4.10,95.60
e00fce686649823d18a012b5,2/20/2024 4:30:13,waterLevel_0000,waterLevel,1708421411,41.89861,4.09,95.60
e00fce680cdac6c15e5dfc75,2/20/2024 4:30:13,waterLevel_0001,waterLevel,1708421410,75.00417,4.11,93.86
e00fce680cdac6c15e5dfc75,2/20/2024 4:36:13,waterLevel_0001,waterLevel,1708421770,74.47778,4.11,93.86
e00fce686649823d18a012b5,2/20/2024 4:36:13,waterLevel_0000,waterLevel,1708421771,40.46944,4.09,95.60
e00fce686649823d18a012b5,2/20/2024 4:42:12,waterLevel_0000,waterLevel,1708422130,40.42500,4.09,95.45
e00fce680cdac6c15e5dfc75,2/20/2024 4:42:13,waterLevel_0001,waterLevel,1708422130,73.62361,4.11,93.86
e00fce686649823d18a012b5,2/20/2024 4:48:12,waterLevel_0000,waterLevel,1708422490,39.60139,4.09,95.45
e00fce680cdac6c15e5dfc75,2/20/2024 4:48:13,waterLevel_0001,waterLevel,1708422490,72.80833,4.11,93.70
e00fce686649823d18a012b5,2/20/2024 4:54:12,waterLevel_0000,waterLevel,1708422850,39.68750,4.09,95.45
e00fce680cdac6c15e5dfc75,2/20/2024 4:54:13,waterLevel_0001,waterLevel,1708422850,72.99583,4.11,93.70
e00fce686649823d18a012b5,2/20/2024 5:00:12,waterLevel_0000,waterLevel,1708423210,39.25278,4.09,95.29
e00fce680cdac6c15e5dfc75,2/20/2024 5:00:13,waterLevel_0001,waterLevel,1708423210,72.17083,4.11,93.70
e00fce686649823d18a012b5,2/20/2024 5:06:13,waterLevel_0000,waterLevel,1708423570,38.56667,4.09,95.29
e00fce680cdac6c15e5dfc75,2/20/2024 5:06:14,waterLevel_0001,waterLevel,1708423570,72.36250,4.10,93.70
e00fce686649823d18a012b5,2/20/2024 5:12:13,waterLevel_0000,waterLevel,1708423930,38.51111,4.09,95.29
e00fce680cdac6c15e5dfc75,2/20/2024 5:12:13,waterLevel_0001,waterLevel,1708423930,70.45417,4.10,93.70
e00fce686649823d18a012b5,2/20/2024 5:18:13,waterLevel_0000,waterLevel,1708424290,38.70000,4.09,95.13
e00fce680cdac6c15e5dfc75,2/20/2024 5:18:13,waterLevel_0001,waterLevel,1708424290,72.22500,4.10,93.55
e00fce680cdac6c15e5dfc75,2/20/2024 5:24:13,waterLevel_0001,waterLevel,1708424650,72.29444,4.10,93.55
e00fce686649823d18a012b5,2/20/2024 5:24:13,waterLevel_0000,waterLevel,1708424650,72.10694,4.09,95.13
e00fce686649823d18a012b5,2/20/2024 5:30:12,waterLevel_0000,waterLevel,1708425010,40.01944,4.09,95.13
e00fce680cdac6c15e5dfc75,2/20/2024 5:30:13,waterLevel_0001,waterLevel,1708425010,72.77917,4.10,93.55
e00fce686649823d18a012b5,2/20/2024 5:36:13,waterLevel_0000,waterLevel,1708425370,40.70000,4.09,94.97
e00fce680cdac6c15e5dfc75,2/20/2024 5:36:13,waterLevel_0001,waterLevel,1708425370,74.23194,4.10,93.55
e00fce686649823d18a012b5,2/20/2024 5:42:13,waterLevel_0000,waterLevel,1708425730,42.35139,4.08,94.97
e00fce680cdac6c15e5dfc75,2/20/2024 5:42:13,waterLevel_0001,waterLevel,1708425730,75.23473,4.10,93.55
e00fce680cdac6c15e5dfc75,2/20/2024 5:48:13,waterLevel_0001,waterLevel,1708426090,76.47500,4.10,93.55
e00fce686649823d18a012b5,2/20/2024 5:48:13,waterLevel_0000,waterLevel,1708426090,43.72361,4.08,94.97
e00fce686649823d18a012b5,2/20/2024 5:54:12,waterLevel_0000,waterLevel,1708426450,43.84306,4.08,94.81
e00fce680cdac6c15e5dfc75,2/20/2024 5:54:13,waterLevel_0001,waterLevel,1708426450,76.54444,4.10,93.39
e00fce686649823d18a012b5,2/20/2024 6:00:13,waterLevel_0000,waterLevel,1708426811,45.48611,4.08,94.81
e00fce680cdac6c15e5dfc75,2/20/2024 6:00:13,waterLevel_0001,waterLevel,1708426810,78.33195,4.10,93.39
e00fce686649823d18a012b5,2/20/2024 6:06:12,waterLevel_0000,waterLevel,1708427170,46.55000,4.08,94.81
e00fce680cdac6c15e5dfc75,2/20/2024 6:06:14,waterLevel_0001,waterLevel,1708427170,79.37778,4.10,93.39
e00fce686649823d18a012b5,2/20/2024 6:12:13,waterLevel_0000,waterLevel,1708427531,47.66389,4.08,94.65
e00fce680cdac6c15e5dfc75,2/20/2024 6:12:14,waterLevel_0001,waterLevel,1708427530,80.43333,4.10,93.39
e00fce686649823d18a012b5,2/20/2024 6:18:12,waterLevel_0000,waterLevel,1708427890,134.78473,4.08,94.65
e00fce680cdac6c15e5dfc75,2/20/2024 6:18:14,waterLevel_0001,waterLevel,1708427891,81.11667,4.10,93.39
e00fce686649823d18a012b5,2/20/2024 6:24:12,waterLevel_0000,waterLevel,1708428250,50.56528,4.08,94.50
e00fce680cdac6c15e5dfc75,2/20/2024 6:24:14,waterLevel_0001,waterLevel,1708428251,83.16805,4.10,93.23
e00fce686649823d18a012b5,2/20/2024 6:30:12,waterLevel_0000,waterLevel,1708428610,214.29723,4.07,94.50
e00fce680cdac6c15e5dfc75,2/20/2024 6:30:14,waterLevel_0001,waterLevel,1708428611,84.35555,4.10,93.23
e00fce686649823d18a012b5,2/20/2024 6:36:12,waterLevel_0000,waterLevel,1708428970,151.55972,4.07,94.50
e00fce680cdac6c15e5dfc75,2/20/2024 6:36:13,waterLevel_0001,waterLevel,1708428970,86.47222,4.10,93.23
e00fce686649823d18a012b5,2/20/2024 6:42:13,waterLevel_0000,waterLevel,1708429330,55.67222,4.07,94.34
e00fce680cdac6c15e5dfc75,2/20/2024 6:42:13,waterLevel_0001,waterLevel,1708429330,87.67223,4.10,93.23
e00fce680cdac6c15e5dfc75,2/20/2024 6:48:13,waterLevel_0001,waterLevel,1708429690,89.02778,4.10,93.23
e00fce686649823d18a012b5,2/20/2024 6:54:13,waterLevel_0000,waterLevel,1708430051,96.08611,4.07,94.34
e00fce680cdac6c15e5dfc75,2/20/2024 6:54:13,waterLevel_0001,waterLevel,1708430050,92.14722,4.10,93.07
e00fce686649823d18a012b5,2/20/2024 7:00:12,waterLevel_0000,waterLevel,1708430410,91.60000,4.07,94.18
e00fce680cdac6c15e5dfc75,2/20/2024 7:00:13,waterLevel_0001,waterLevel,1708430410,93.31805,4.10,93.07
e00fce686649823d18a012b5,2/20/2024 7:06:12,waterLevel_0000,waterLevel,1708430770,62.25278,4.07,94.18
e00fce680cdac6c15e5dfc75,2/20/2024 7:06:14,waterLevel_0001,waterLevel,1708430770,95.24583,4.10,93.07
e00fce686649823d18a012b5,2/20/2024 7:12:13,waterLevel_0000,waterLevel,1708431130,66.31944,4.07,94.02
e00fce680cdac6c15e5dfc75,2/20/2024 7:12:13,waterLevel_0001,waterLevel,1708431130,96.96944,4.10,93.07
e00fce680cdac6c15e5dfc75,2/20/2024 7:18:13,waterLevel_0001,waterLevel,1708431490,98.93333,4.10,93.07
e00fce686649823d18a012b5,2/20/2024 7:18:13,waterLevel_0000,waterLevel,1708431490,80.11250,4.07,94.02
e00fce686649823d18a012b5,2/20/2024 7:24:13,waterLevel_0000,waterLevel,1708431851,214.43750,4.07,94.02
e00fce680cdac6c15e5dfc75,2/20/2024 7:24:13,waterLevel_0001,waterLevel,1708431850,100.96806,4.10,92.91
e00fce686649823d18a012b5,2/20/2024 7:30:13,waterLevel_0000,waterLevel,1708432211,139.63611,4.07,93.86
e00fce680cdac6c15e5dfc75,2/20/2024 7:30:13,waterLevel_0001,waterLevel,1708432210,103.48611,4.10,92.91
e00fce686649823d18a012b5,2/20/2024 7:36:12,waterLevel_0000,waterLevel,1708432570,82.20556,4.06,93.86
e00fce680cdac6c15e5dfc75,2/20/2024 7:36:14,waterLevel_0001,waterLevel,1708432570,105.13472,4.10,92.91
e00fce686649823d18a012b5,2/20/2024 7:42:12,waterLevel_0000,waterLevel,1708432930,139.46666,4.06,93.70
e00fce680cdac6c15e5dfc75,2/20/2024 7:42:14,waterLevel_0001,waterLevel,1708432930,107.45972,4.10,92.91
e00fce686649823d18a012b5,2/20/2024 7:48:12,waterLevel_0000,waterLevel,1708433290,78.87361,4.06,93.70
e00fce680cdac6c15e5dfc75,2/20/2024 7:48:14,waterLevel_0001,waterLevel,1708433290,109.31528,4.10,92.91
e00fce686649823d18a012b5,2/20/2024 7:54:12,waterLevel_0000,waterLevel,1708433650,149.00555,4.06,93.55
e00fce680cdac6c15e5dfc75,2/20/2024 7:54:14,waterLevel_0001,waterLevel,1708433650,112.25417,4.09,92.75
e00fce686649823d18a012b5,2/20/2024 8:00:13,waterLevel_0000,waterLevel,1708434010,113.12222,4.06,93.55
e00fce680cdac6c15e5dfc75,2/20/2024 8:00:14,waterLevel_0001,waterLevel,1708434010,114.08889,4.09,92.75
e00fce680cdac6c15e5dfc75,2/20/2024 8:06:14,waterLevel_0001,waterLevel,1708434371,116.63611,4.09,92.75
e00fce686649823d18a012b5,2/20/2024 8:06:16,waterLevel_0000,waterLevel,1708434370,252.70555,4.06,93.39
e00fce686649823d18a012b5,2/20/2024 8:12:12,waterLevel_0000,waterLevel,1708434730,292.91528,4.06,93.39
e00fce680cdac6c15e5dfc75,2/20/2024 8:12:14,waterLevel_0001,waterLevel,1708434731,118.74583,4.09,92.75
e00fce686649823d18a012b5,2/20/2024 8:18:12,waterLevel_0000,waterLevel,1708435090,176.06250,4.05,93.39
e00fce680cdac6c15e5dfc75,2/20/2024 8:18:13,waterLevel_0001,waterLevel,1708435090,120.94861,4.09,92.75
e00fce680cdac6c15e5dfc75,2/20/2024 8:24:13,waterLevel_0001,waterLevel,1708435450,122.39722,4.09,92.75
e00fce686649823d18a012b5,2/20/2024 8:24:14,waterLevel_0000,waterLevel,1708435450,202.01805,4.05,93.23
e00fce680cdac6c15e5dfc75,2/20/2024 8:30:13,waterLevel_0001,waterLevel,1708435810,125.02500,4.09,92.60
e00fce686649823d18a012b5,2/20/2024 8:30:14,waterLevel_0000,waterLevel,1708435810,92.69722,4.05,93.23
e00fce680cdac6c15e5dfc75,2/20/2024 8:36:13,waterLevel_0001,waterLevel,1708436170,126.35278,4.09,92.60
e00fce686649823d18a012b5,2/20/2024 8:36:14,waterLevel_0000,waterLevel,1708436170,96.65139,4.05,93.07
e00fce680cdac6c15e5dfc75,2/20/2024 8:42:13,waterLevel_0001,waterLevel,1708436530,129.77777,4.09,92.60
e00fce686649823d18a012b5,2/20/2024 8:42:15,waterLevel_0000,waterLevel,1708436531,97.18333,4.05,93.07
e00fce680cdac6c15e5dfc75,2/20/2024 8:48:13,waterLevel_0001,waterLevel,1708436890,131.73750,4.09,92.60
e00fce686649823d18a012b5,2/20/2024 8:48:15,waterLevel_0000,waterLevel,1708436890,99.93611,4.05,92.91
e00fce680cdac6c15e5dfc75,2/20/2024 8:54:15,waterLevel_0001,waterLevel,1708437250,134.35834,4.09,92.44
e00fce686649823d18a012b5,2/20/2024 8:54:14,waterLevel_0000,waterLevel,1708437250,102.29723,4.05,92.91
e00fce686649823d18a012b5,2/20/2024 9:00:14,waterLevel_0000,waterLevel,1708437610,111.44305,4.05,92.75
e00fce680cdac6c15e5dfc75,2/20/2024 9:00:19,waterLevel_0001,waterLevel,1708437610,136.25972,4.10,92.44
e00fce686649823d18a012b5,2/20/2024 9:06:13,waterLevel_0000,waterLevel,1708437970,280.57639,4.05,92.75
e00fce680cdac6c15e5dfc75,2/20/2024 9:06:21,waterLevel_0001,waterLevel,1708437970,138.42639,4.10,92.44
e00fce686649823d18a012b5,2/20/2024 9:12:15,waterLevel_0000,waterLevel,1708438330,232.65973,4.05,92.60
e00fce680cdac6c15e5dfc75,2/20/2024 9:12:19,waterLevel_0001,waterLevel,1708438331,141.00972,4.09,92.44
e00fce686649823d18a012b5,2/20/2024 9:18:13,waterLevel_0000,waterLevel,1708438690,111.46389,4.05,92.60
e00fce680cdac6c15e5dfc75,2/20/2024 9:18:20,waterLevel_0001,waterLevel,1708438690,143.50000,4.10,92.28
e00fce686649823d18a012b5,2/20/2024 9:24:14,waterLevel_0000,waterLevel,1708439050,113.19444,4.05,92.44
e00fce680cdac6c15e5dfc75,2/20/2024 9:24:13,waterLevel_0001,waterLevel,1708439050,145.01805,4.09,92.28
e00fce686649823d18a012b5,2/20/2024 9:30:15,waterLevel_0000,waterLevel,1708439411,115.82639,4.05,92.44
e00fce680cdac6c15e5dfc75,2/20/2024 9:30:24,waterLevel_0001,waterLevel,1708439410,147.76111,4.09,92.28
e00fce686649823d18a012b5,2/20/2024 9:36:14,waterLevel_0000,waterLevel,1708439770,118.72639,4.05,92.28
e00fce680cdac6c15e5dfc75,2/20/2024 9:36:14,waterLevel_0001,waterLevel,1708439770,150.58749,4.09,92.28
e00fce686649823d18a012b5,2/20/2024 9:42:14,waterLevel_0000,waterLevel,1708440130,121.24306,4.04,92.28
e00fce680cdac6c15e5dfc75,2/20/2024 9:42:20,waterLevel_0001,waterLevel,1708440130,153.07361,4.09,92.12
e00fce686649823d18a012b5,2/20/2024 9:48:13,waterLevel_0000,waterLevel,1708440490,123.72500,4.04,92.12
e00fce680cdac6c15e5dfc75,2/20/2024 9:48:18,waterLevel_0001,waterLevel,1708440490,155.31389,4.09,92.12
e00fce680cdac6c15e5dfc75,2/20/2024 9:54:16,waterLevel_0001,waterLevel,1708440850,156.84027,4.09,92.12
e00fce686649823d18a012b5,2/20/2024 9:54:19,waterLevel_0000,waterLevel,1708440850,231.06528,4.06,92.12
e00fce686649823d18a012b5,2/20/2024 10:00:19,waterLevel_0000,waterLevel,1708441210,127.70695,4.06,91.96
e00fce680cdac6c15e5dfc75,2/20/2024 10:00:19,waterLevel_0001,waterLevel,1708441210,159.07500,4.09,92.12
e00fce686649823d18a012b5,2/20/2024 10:06:13,waterLevel_0000,waterLevel,1708441570,195.40973,4.06,91.96
e00fce680cdac6c15e5dfc75,2/20/2024 10:10:01,waterLevel_0001,waterLevel,1708441570,160.37361,4.09,91.49
e00fce686649823d18a012b5,2/20/2024 10:12:19,waterLevel_0000,waterLevel,1708441930,116.00694,4.06,91.80
e00fce680cdac6c15e5dfc75,2/20/2024 10:14:04,waterLevel_0001,waterLevel,1708441930,161.26527,4.09,91.33
e00fce686649823d18a012b5,2/20/2024 10:18:14,waterLevel_0000,waterLevel,1708442290,215.99861,4.06,91.65
e00fce680cdac6c15e5dfc75,2/20/2024 10:18:15,waterLevel_0001,waterLevel,1708442290,163.06111,4.09,91.17
e00fce686649823d18a012b5,2/20/2024 10:24:14,waterLevel_0000,waterLevel,1708442650,134.47778,4.06,91.65
e00fce680cdac6c15e5dfc75,2/20/2024 10:25:15,waterLevel_0001,waterLevel,1708442651,164.98195,4.09,91.17
e00fce686649823d18a012b5,2/20/2024 10:30:15,waterLevel_0000,waterLevel,1708443010,199.19028,4.06,91.49
e00fce680cdac6c15e5dfc75,2/20/2024 10:31:14,waterLevel_0001,waterLevel,1708443010,166.27638,4.09,91.02
e00fce686649823d18a012b5,2/20/2024 10:36:19,waterLevel_0000,waterLevel,1708443370,428.68750,4.05,91.49
e00fce680cdac6c15e5dfc75,2/20/2024 10:37:01,waterLevel_0001,waterLevel,1708443371,167.54167,4.09,90.86
e00fce686649823d18a012b5,2/20/2024 10:42:19,waterLevel_0000,waterLevel,1708443730,323.40833,4.05,91.33
e00fce680cdac6c15e5dfc75,2/20/2024 10:43:01,waterLevel_0001,waterLevel,1708443731,169.14722,4.09,90.70
e00fce686649823d18a012b5,2/20/2024 10:48:14,waterLevel_0000,waterLevel,1708444090,360.68332,4.04,91.33
e00fce680cdac6c15e5dfc75,2/20/2024 10:48:15,waterLevel_0001,waterLevel,1708444090,170.82361,4.08,90.70
e00fce686649823d18a012b5,2/20/2024 10:54:22,waterLevel_0000,waterLevel,1708444450,361.18054,4.05,91.17
e00fce680cdac6c15e5dfc75,2/20/2024 10:54:54,waterLevel_0001,waterLevel,1708444450,171.87222,4.09,90.70
e00fce686649823d18a012b5,2/20/2024 11:00:14,waterLevel_0000,waterLevel,1708444810,143.11806,4.05,91.17
e00fce680cdac6c15e5dfc75,2/20/2024 11:00:51,waterLevel_0001,waterLevel,1708444810,173.23750,4.09,90.54
e00fce686649823d18a012b5,2/20/2024 11:06:15,waterLevel_0000,waterLevel,1708445170,278.51666,4.05,91.02
e00fce680cdac6c15e5dfc75,2/20/2024 11:06:52,waterLevel_0001,waterLevel,1708445170,175.08611,4.09,90.54
e00fce686649823d18a012b5,2/20/2024 11:12:21,waterLevel_0000,waterLevel,1708445530,327.68195,4.05,90.86
e00fce680cdac6c15e5dfc75,2/20/2024 11:12:52,waterLevel_0001,waterLevel,1708445530,176.70694,4.09,90.38
e00fce686649823d18a012b5,2/20/2024 11:18:14,waterLevel_0000,waterLevel,1708445891,213.08333,4.05,90.86
e00fce680cdac6c15e5dfc75,2/20/2024 11:18:14,waterLevel_0001,waterLevel,1708445890,177.79167,4.09,90.38
e00fce686649823d18a012b5,2/20/2024 11:24:14,waterLevel_0000,waterLevel,1708446250,235.32916,4.06,90.86
e00fce680cdac6c15e5dfc75,2/20/2024 11:24:19,waterLevel_0001,waterLevel,1708446250,179.15416,4.09,90.38
e00fce686649823d18a012b5,2/20/2024 11:30:13,waterLevel_0000,waterLevel,1708446610,138.22084,4.07,90.70
e00fce680cdac6c15e5dfc75,2/20/2024 11:31:31,waterLevel_0001,waterLevel,1708446610,179.81111,4.09,90.22
e00fce686649823d18a012b5,2/20/2024 11:36:12,waterLevel_0000,waterLevel,1708446970,375.35556,4.11,90.70
e00fce680cdac6c15e5dfc75,2/20/2024 11:36:14,waterLevel_0001,waterLevel,1708446970,179.07916,4.10,90.22
e00fce686649823d18a012b5,2/20/2024 11:42:12,waterLevel_0000,waterLevel,1708447330,148.66945,4.06,90.70
e00fce680cdac6c15e5dfc75,2/20/2024 11:42:19,waterLevel_0001,waterLevel,1708447330,180.97362,4.10,90.22
e00fce686649823d18a012b5,2/20/2024 11:48:12,waterLevel_0000,waterLevel,1708447690,152.44444,4.06,90.70
e00fce680cdac6c15e5dfc75,2/20/2024 11:48:14,waterLevel_0001,waterLevel,1708447691,180.89166,4.09,90.07
e00fce686649823d18a012b5,2/20/2024 11:54:12,waterLevel_0000,waterLevel,1708448050,164.24306,4.06,90.54
e00fce680cdac6c15e5dfc75,2/20/2024 11:54:13,waterLevel_0001,waterLevel,1708448050,180.55556,4.09,90.07
e00fce686649823d18a012b5,2/20/2024 12:00:12,waterLevel_0000,waterLevel,1708448410,501.64862,4.06,90.54
e00fce680cdac6c15e5dfc75,2/20/2024 12:00:14,waterLevel_0001,waterLevel,1708448411,179.61945,4.09,90.07
e00fce686649823d18a012b5,2/20/2024 12:06:13,waterLevel_0000,waterLevel,1708448770,461.69028,4.06,90.54
e00fce680cdac6c15e5dfc75,2/20/2024 12:06:13,waterLevel_0001,waterLevel,1708448770,178.87639,4.09,90.07
e00fce686649823d18a012b5,2/20/2024 12:12:13,waterLevel_0000,waterLevel,1708449130,404.79584,4.06,90.54
e00fce680cdac6c15e5dfc75,2/20/2024 12:12:13,waterLevel_0001,waterLevel,1708449130,177.31250,4.09,90.07
e00fce686649823d18a012b5,2/20/2024 12:18:13,waterLevel_0000,waterLevel,1708449490,193.51805,4.06,90.38
e00fce680cdac6c15e5dfc75,2/20/2024 12:18:14,waterLevel_0001,waterLevel,1708449490,172.24861,4.09,90.07
e00fce686649823d18a012b5,2/20/2024 12:24:13,waterLevel_0000,waterLevel,1708449851,150.33611,4.06,90.38
e00fce680cdac6c15e5dfc75,2/20/2024 12:24:14,waterLevel_0001,waterLevel,1708449850,176.61667,4.09,90.07
e00fce686649823d18a012b5,2/20/2024 12:30:13,waterLevel_0000,waterLevel,1708450211,380.89862,4.06,90.38
e00fce680cdac6c15e5dfc75,2/20/2024 12:30:14,waterLevel_0001,waterLevel,1708450210,174.36945,4.09,90.07
e00fce686649823d18a012b5,2/20/2024 12:36:12,waterLevel_0000,waterLevel,1708450570,188.04584,4.06,90.22
e00fce680cdac6c15e5dfc75,2/20/2024 12:36:14,waterLevel_0001,waterLevel,1708450570,174.38611,4.09,90.07
e00fce686649823d18a012b5,2/20/2024 12:42:12,waterLevel_0000,waterLevel,1708450930,365.70972,4.06,90.22
e00fce680cdac6c15e5dfc75,2/20/2024 12:42:14,waterLevel_0001,waterLevel,1708450930,173.50833,4.09,90.07
e00fce686649823d18a012b5,2/20/2024 12:48:13,waterLevel_0000,waterLevel,1708451290,142.98611,4.06,90.22
e00fce680cdac6c15e5dfc75,2/20/2024 12:48:14,waterLevel_0001,waterLevel,1708451290,172.38055,4.09,90.07
e00fce686649823d18a012b5,2/20/2024 12:54:13,waterLevel_0000,waterLevel,1708451650,141.24306,4.06,90.22
e00fce680cdac6c15e5dfc75,2/20/2024 12:54:14,waterLevel_0001,waterLevel,1708451650,170.15138,4.09,89.91
e00fce686649823d18a012b5,2/20/2024 13:00:13,waterLevel_0000,waterLevel,1708452010,196.67917,4.06,90.07
e00fce680cdac6c15e5dfc75,2/20/2024 13:00:14,waterLevel_0001,waterLevel,1708452010,169.23334,4.09,89.91
e00fce686649823d18a012b5,2/20/2024 13:06:13,waterLevel_0000,waterLevel,1708452371,138.37917,4.06,90.07
e00fce680cdac6c15e5dfc75,2/20/2024 13:06:15,waterLevel_0001,waterLevel,1708452371,168.46945,4.09,89.91
e00fce686649823d18a012b5,2/20/2024 13:12:12,waterLevel_0000,waterLevel,1708452730,358.01807,4.06,90.07
e00fce680cdac6c15e5dfc75,2/20/2024 13:12:14,waterLevel_0001,waterLevel,1708452730,166.30556,4.09,89.91
e00fce686649823d18a012b5,2/20/2024 13:18:13,waterLevel_0000,waterLevel,1708453090,235.16112,4.06,90.07
e00fce680cdac6c15e5dfc75,2/20/2024 13:18:14,waterLevel_0001,waterLevel,1708453090,164.53195,4.09,89.91
e00fce686649823d18a012b5,2/20/2024 13:24:13,waterLevel_0000,waterLevel,1708453450,492.52777,4.06,89.91
e00fce680cdac6c15e5dfc75,2/20/2024 13:24:14,waterLevel_0001,waterLevel,1708453450,163.26944,4.09,89.91
e00fce686649823d18a012b5,2/20/2024 13:30:13,waterLevel_0000,waterLevel,1708453810,417.31668,4.06,89.91
e00fce680cdac6c15e5dfc75,2/20/2024 13:30:14,waterLevel_0001,waterLevel,1708453810,160.70555,4.09,89.91
e00fce680cdac6c15e5dfc75,2/20/2024 13:36:14,waterLevel_0001,waterLevel,1708454170,159.31944,4.09,89.91
e00fce686649823d18a012b5,2/20/2024 13:36:29,waterLevel_0000,waterLevel,1708454171,169.03195,4.05,89.75
e00fce680cdac6c15e5dfc75,2/20/2024 13:42:14,waterLevel_0001,waterLevel,1708454530,157.00972,4.09,89.91
e00fce686649823d18a012b5,2/20/2024 13:42:15,waterLevel_0000,waterLevel,1708454530,126.70139,4.05,89.75
e00fce680cdac6c15e5dfc75,2/20/2024 13:48:14,waterLevel_0001,waterLevel,1708454890,155.27916,4.09,89.91
e00fce686649823d18a012b5,2/20/2024 13:48:21,waterLevel_0000,waterLevel,1708454890,123.52778,4.06,89.75
e00fce680cdac6c15e5dfc75,2/20/2024 13:54:14,waterLevel_0001,waterLevel,1708455251,152.93195,4.09,89.91
e00fce686649823d18a012b5,2/20/2024 13:54:21,waterLevel_0000,waterLevel,1708455250,254.53473,4.06,89.59
e00fce680cdac6c15e5dfc75,2/20/2024 14:00:15,waterLevel_0001,waterLevel,1708455611,151.12083,4.09,89.91
e00fce686649823d18a012b5,2/20/2024 14:00:20,waterLevel_0000,waterLevel,1708455610,322.18332,4.06,89.59
e00fce680cdac6c15e5dfc75,2/20/2024 14:06:14,waterLevel_0001,waterLevel,1708455970,149.98334,4.09,89.75
e00fce686649823d18a012b5,2/20/2024 14:06:13,waterLevel_0000,waterLevel,1708455971,141.95139,4.11,89.59
e00fce686649823d18a012b5,2/20/2024 14:12:12,waterLevel_0000,waterLevel,1708456330,119.20139,4.06,89.43
e00fce680cdac6c15e5dfc75,2/20/2024 14:12:19,waterLevel_0001,waterLevel,1708456330,148.06389,4.09,89.75
e00fce686649823d18a012b5,2/20/2024 14:18:12,waterLevel_0000,waterLevel,1708456690,239.03334,4.06,89.43
e00fce680cdac6c15e5dfc75,2/20/2024 14:18:15,waterLevel_0001,waterLevel,1708456690,146.50972,4.09,89.75
e00fce686649823d18a012b5,2/20/2024 14:24:12,waterLevel_0000,waterLevel,1708457050,284.52084,4.06,89.43
e00fce680cdac6c15e5dfc75,2/20/2024 14:24:14,waterLevel_0001,waterLevel,1708457050,145.14027,4.09,89.75
e00fce686649823d18a012b5,2/20/2024 14:30:13,waterLevel_0000,waterLevel,1708457410,144.98195,4.05,89.43
e00fce680cdac6c15e5dfc75,2/20/2024 14:30:14,waterLevel_0001,waterLevel,1708457410,307.69028,4.09,89.75
e00fce686649823d18a012b5,2/20/2024 14:36:15,waterLevel_0000,waterLevel,1708457771,142.62222,4.07,89.27
e00fce686649823d18a012b5,2/20/2024 14:42:19,waterLevel_0000,waterLevel,1708458130,140.23611,4.07,89.27
e00fce686649823d18a012b5,2/20/2024 14:48:21,waterLevel_0000,waterLevel,1708458490,35.15833,4.07,89.27
e00fce686649823d18a012b5,2/20/2024 14:54:13,waterLevel_0000,waterLevel,1708458850,124.50555,4.05,89.12
e00fce686649823d18a012b5,2/20/2024 15:01:09,waterLevel_0000,waterLevel,1708459210,394.57501,4.05,89.12
e00fce686649823d18a012b5,2/20/2024 15:06:23,waterLevel_0000,waterLevel,1708459570,121.01945,4.05,88.96
e00fce686649823d18a012b5,2/20/2024 15:12:13,waterLevel_0000,waterLevel,1708459930,121.00833,4.05,88.96
e00fce686649823d18a012b5,2/20/2024 15:18:14,waterLevel_0000,waterLevel,1708460291,121.12917,4.05,88.80
e00fce686649823d18a012b5,2/20/2024 15:24:13,waterLevel_0000,waterLevel,1708460650,122.20277,4.05,88.80
e00fce686649823d18a012b5,2/20/2024 15:30:20,waterLevel_0000,waterLevel,1708461011,149.24861,4.05,88.80
e00fce686649823d18a012b5,2/20/2024 16:18:29,waterLevel_0000,waterLevel,946684810,97.53194,0.00,0.00
e00fce686649823d18a012b5,2/20/2024 17:00:13,waterLevel_0000,waterLevel,1708466410,69.07500,0.00,0.00
e00fce686649823d18a012b5,2/21/2024 10:54:55,waterLevel_0000,waterLevel,946684810,207.55556,4.07,86.20
e00fce686649823d18a012b5,2/21/2024 10:58:39,waterLevel_0000,waterLevel,1708531118,138.83611,4.07,86.20
e00fce686649823d18a012b5,2/21/2024 11:00:11,waterLevel_0000,waterLevel,1708531210,125.20834,4.08,86.20
e00fce686649823d18a012b5,2/21/2024 11:01:19,waterLevel_0000,waterLevel,1708531277,30.55139,4.07,86.20
e00fce686649823d18a012b5,2/21/2024 12:00:12,waterLevel_0000,waterLevel,1708534810,355.73193,4.09,86.20
e00fce680cdac6c15e5dfc75,2/21/2024 12:06:39,waterLevel_0001,waterLevel,1708535197,27.32222,4.05,83.20
e00fce680cdac6c15e5dfc75,2/21/2024 12:08:46,waterLevel_0001,waterLevel,1708535325,70.86528,4.05,84.34
e00fce680cdac6c15e5dfc75,2/21/2024 13:00:12,waterLevel_0001,waterLevel,1708538411,220.30833,4.04,84.34
e00fce686649823d18a012b5,2/21/2024 13:00:12,waterLevel_0000,waterLevel,1708538410,386.37778,4.09,86.20
e00fce680cdac6c15e5dfc75,2/21/2024 14:00:11,waterLevel_0001,waterLevel,1708542010,243.78889,4.04,84.34
e00fce686649823d18a012b5,2/21/2024 14:00:12,waterLevel_0000,waterLevel,1708542010,406.23056,4.08,86.20
e00fce680cdac6c15e5dfc75,2/21/2024 15:00:11,waterLevel_0001,waterLevel,1708545610,246.25139,4.04,84.34
e00fce686649823d18a012b5,2/21/2024 15:00:13,waterLevel_0000,waterLevel,1708545611,405.70557,4.08,86.20
e00fce680cdac6c15e5dfc75,2/21/2024 16:00:11,waterLevel_0001,waterLevel,1708549210,214.10695,4.03,84.34
e00fce686649823d18a012b5,2/21/2024 16:00:12,waterLevel_0000,waterLevel,1708549210,372.33057,4.07,86.20
e00fce680cdac6c15e5dfc75,2/21/2024 17:00:11,waterLevel_0001,waterLevel,1708552810,180.02222,4.03,84.34
e00fce686649823d18a012b5,2/21/2024 17:00:25,waterLevel_0000,waterLevel,1708552810,336.35278,4.05,86.20
e00fce680cdac6c15e5dfc75,2/21/2024 18:00:12,waterLevel_0001,waterLevel,1708556410,155.69444,4.03,84.34
e00fce686649823d18a012b5,2/21/2024 18:00:12,waterLevel_0000,waterLevel,1708556410,312.02777,4.04,86.06
e00fce680cdac6c15e5dfc75,2/21/2024 19:00:12,waterLevel_0001,waterLevel,1708560010,142.91389,4.02,84.17
e00fce686649823d18a012b5,2/21/2024 19:00:18,waterLevel_0000,waterLevel,1708560010,299.39862,4.03,86.06
e00fce686649823d18a012b5,2/21/2024 20:00:12,waterLevel_0000,waterLevel,1708563611,291.71112,4.01,86.06
e00fce680cdac6c15e5dfc75,2/21/2024 20:00:12,waterLevel_0001,waterLevel,1708563611,132.62639,4.02,84.17
e00fce680cdac6c15e5dfc75,2/21/2024 21:00:11,waterLevel_0001,waterLevel,1708567210,126.76250,4.02,84.17
e00fce686649823d18a012b5,2/21/2024 21:00:12,waterLevel_0000,waterLevel,1708567211,288.36667,4.00,85.91
e00fce680cdac6c15e5dfc75,2/21/2024 22:00:12,waterLevel_0001,waterLevel,1708570810,127.93472,4.01,84.17
e00fce686649823d18a012b5,2/21/2024 22:00:13,waterLevel_0000,waterLevel,1708570811,300.18054,3.99,85.91
e00fce686649823d18a012b5,2/21/2024 23:00:12,waterLevel_0000,waterLevel,1708574410,328.68472,3.98,85.77
e00fce680cdac6c15e5dfc75,2/21/2024 23:00:12,waterLevel_0001,waterLevel,1708574410,143.24583,4.01,84.01
e00fce686649823d18a012b5,2/22/2024 0:00:12,waterLevel_0000,waterLevel,1708578010,360.47223,3.97,85.77
e00fce680cdac6c15e5dfc75,2/22/2024 0:00:12,waterLevel_0001,waterLevel,1708578010,181.85139,4.01,84.01
e00fce680cdac6c15e5dfc75,2/22/2024 1:00:12,waterLevel_0001,waterLevel,1708581610,227.15973,4.00,84.01
e00fce680cdac6c15e5dfc75,2/22/2024 2:00:12,waterLevel_0001,waterLevel,1708585210,253.56528,4.00,84.01
e00fce686649823d18a012b5,2/22/2024 2:06:03,waterLevel_0000,waterLevel,1708585552,418.02499,3.96,83.20
e00fce680cdac6c15e5dfc75,2/22/2024 3:00:12,waterLevel_0001,waterLevel,1708588810,262.79999,4.00,83.85
e00fce686649823d18a012b5,2/22/2024 3:00:13,waterLevel_0000,waterLevel,1708588811,423.23749,3.94,83.03
e00fce686649823d18a012b5,2/22/2024 4:00:12,waterLevel_0000,waterLevel,1708592410,389.73471,3.94,82.87
e00fce686649823d18a012b5,2/22/2024 5:00:12,waterLevel_0000,waterLevel,1708596010,342.18472,3.93,82.87
e00fce680cdac6c15e5dfc75,2/22/2024 5:00:12,waterLevel_0001,waterLevel,1708596010,188.15834,3.99,83.85
e00fce686649823d18a012b5,2/22/2024 6:00:12,waterLevel_0000,waterLevel,1708599610,310.70416,3.93,82.70
e00fce680cdac6c15e5dfc75,2/22/2024 6:00:13,waterLevel_0001,waterLevel,1708599610,156.28473,3.99,83.68
e00fce686649823d18a012b5,2/22/2024 7:00:12,waterLevel_0000,waterLevel,1708603210,294.52640,3.93,82.70
e00fce680cdac6c15e5dfc75,2/22/2024 7:00:13,waterLevel_0001,waterLevel,1708603210,140.10834,3.99,83.68
e00fce686649823d18a012b5,2/22/2024 8:00:16,waterLevel_0000,waterLevel,1708606810,280.74582,3.92,82.54
e00fce680cdac6c15e5dfc75,2/22/2024 8:00:13,waterLevel_0001,waterLevel,1708606810,127.01667,3.99,83.68
e00fce680cdac6c15e5dfc75,2/22/2024 9:00:13,waterLevel_0001,waterLevel,1708610410,115.02500,3.99,83.52
e00fce686649823d18a012b5,2/22/2024 9:00:18,waterLevel_0000,waterLevel,1708610410,271.84723,3.92,82.38
e00fce680cdac6c15e5dfc75,2/22/2024 10:00:13,waterLevel_0001,waterLevel,1708614010,108.96944,3.98,83.52
e00fce686649823d18a012b5,2/22/2024 10:00:13,waterLevel_0000,waterLevel,1708614010,275.79721,3.92,82.21
e00fce680cdac6c15e5dfc75,2/22/2024 11:00:14,waterLevel_0001,waterLevel,1708617611,116.89861,3.98,83.36
e00fce686649823d18a012b5,2/22/2024 12:00:12,waterLevel_0000,waterLevel,1708621210,322.38611,4.06,82.21
e00fce680cdac6c15e5dfc75,2/22/2024 12:00:14,waterLevel_0001,waterLevel,1708621211,130.67639,3.98,83.36
e00fce680cdac6c15e5dfc75,2/22/2024 13:00:13,waterLevel_0001,waterLevel,1708624810,162.24028,3.97,83.36
e00fce686649823d18a012b5,2/22/2024 13:00:12,waterLevel_0000,waterLevel,1708624810,349.69168,4.06,82.21
e00fce686649823d18a012b5,2/22/2024 14:00:12,waterLevel_0000,waterLevel,1708628410,378.43054,4.05,82.21
e00fce680cdac6c15e5dfc75,2/22/2024 14:00:14,waterLevel_0001,waterLevel,1708628410,211.96111,3.97,83.20
e00fce686649823d18a012b5,2/22/2024 15:00:12,waterLevel_0000,waterLevel,1708632010,395.91528,4.05,82.21
e00fce680cdac6c15e5dfc75,2/22/2024 15:00:14,waterLevel_0001,waterLevel,1708632010,233.80972,3.97,83.20
e00fce680cdac6c15e5dfc75,2/22/2024 16:00:14,waterLevel_0001,waterLevel,1708635610,236.39444,3.96,83.03
e00fce686649823d18a012b5,2/22/2024 16:00:19,waterLevel_0000,waterLevel,1708635610,397.39584,4.05,82.21
e00fce680cdac6c15e5dfc75,2/22/2024 17:00:14,waterLevel_0001,waterLevel,1708639211,210.88472,3.96,83.03
e00fce686649823d18a012b5,2/22/2024 17:00:18,waterLevel_0000,waterLevel,1708639210,366.92499,4.03,82.21
e00fce686649823d18a012b5,2/22/2024 18:00:13,waterLevel_0000,waterLevel,1708642810,326.54584,4.03,82.21
e00fce680cdac6c15e5dfc75,2/22/2024 18:00:14,waterLevel_0001,waterLevel,1708642811,171.60139,3.96,82.87
e00fce686649823d18a012b5,2/22/2024 19:00:13,waterLevel_0000,waterLevel,1708646410,302.01666,4.02,82.21
e00fce680cdac6c15e5dfc75,2/22/2024 19:00:14,waterLevel_0001,waterLevel,1708646411,147.69583,3.96,82.87
e00fce680cdac6c15e5dfc75,2/22/2024 20:00:13,waterLevel_0001,waterLevel,1708650010,132.79723,3.95,82.70
e00fce686649823d18a012b5,2/22/2024 20:00:15,waterLevel_0000,waterLevel,1708650010,287.60834,4.01,82.21
e00fce686649823d18a012b5,2/22/2024 21:00:13,waterLevel_0000,waterLevel,1708653611,277.51807,4.01,82.05
e00fce680cdac6c15e5dfc75,2/22/2024 21:00:14,waterLevel_0001,waterLevel,1708653610,122.43056,3.95,82.70
e00fce686649823d18a012b5,2/22/2024 22:00:12,waterLevel_0000,waterLevel,1708657210,277.53888,4.00,82.05
e00fce680cdac6c15e5dfc75,2/22/2024 22:00:14,waterLevel_0001,waterLevel,1708657210,114.87639,3.95,82.54
e00fce680cdac6c15e5dfc75,2/22/2024 23:00:14,waterLevel_0001,waterLevel,1708660810,119.39445,3.94,82.54
e00fce686649823d18a012b5,2/22/2024 23:00:13,waterLevel_0000,waterLevel,1708660810,294.74167,3.99,82.05
e00fce686649823d18a012b5,2/23/2024 0:00:13,waterLevel_0000,waterLevel,1708664410,325.18610,3.99,82.05
e00fce680cdac6c15e5dfc75,2/23/2024 0:00:14,waterLevel_0001,waterLevel,1708664410,134.22778,3.94,82.38
e00fce686649823d18a012b5,2/23/2024 1:00:13,waterLevel_0000,waterLevel,1708668010,356.44861,3.98,81.89
e00fce680cdac6c15e5dfc75,2/23/2024 1:00:14,waterLevel_0001,waterLevel,1708668010,169.61389,3.94,82.38
e00fce686649823d18a012b5,2/23/2024 2:00:13,waterLevel_0000,waterLevel,1708671610,387.21805,3.98,81.89
e00fce680cdac6c15e5dfc75,2/23/2024 2:00:14,waterLevel_0001,waterLevel,1708671610,222.26527,3.94,82.21
e00fce686649823d18a012b5,2/23/2024 3:00:13,waterLevel_0000,waterLevel,1708675210,404.56668,3.97,81.73
e00fce680cdac6c15e5dfc75,2/23/2024 3:00:14,waterLevel_0001,waterLevel,1708675210,243.73056,3.93,82.05
e00fce686649823d18a012b5,2/23/2024 4:00:13,waterLevel_0000,waterLevel,1708678810,402.10138,3.96,81.73
e00fce680cdac6c15e5dfc75,2/23/2024 4:00:14,waterLevel_0001,waterLevel,1708678810,242.73334,3.93,82.05
e00fce686649823d18a012b5,2/23/2024 5:00:13,waterLevel_0000,waterLevel,1708682411,369.32639,3.95,81.73
e00fce680cdac6c15e5dfc75,2/23/2024 5:00:15,waterLevel_0001,waterLevel,1708682410,213.34723,3.93,81.89
e00fce686649823d18a012b5,2/23/2024 6:00:12,waterLevel_0000,waterLevel,1708686010,325.41806,3.94,81.56
e00fce680cdac6c15e5dfc75,2/23/2024 6:00:15,waterLevel_0001,waterLevel,1708686010,172.60278,3.93,81.89
e00fce680cdac6c15e5dfc75,2/23/2024 7:00:15,waterLevel_0001,waterLevel,1708689610,146.90973,3.92,81.73
e00fce686649823d18a012b5,2/23/2024 7:00:18,waterLevel_0000,waterLevel,1708689610,298.97223,3.94,81.56
e00fce680cdac6c15e5dfc75,2/23/2024 8:00:15,waterLevel_0001,waterLevel,1708693210,131.01805,3.92,81.56
e00fce680cdac6c15e5dfc75,2/23/2024 9:00:15,waterLevel_0001,waterLevel,1708696810,120.50278,3.92,81.56
e00fce680cdac6c15e5dfc75,2/23/2024 10:00:15,waterLevel_0001,waterLevel,1708700411,109.04305,3.92,81.40
e00fce686649823d18a012b5,2/23/2024 10:00:27,waterLevel_0000,waterLevel,1708700417,265.57224,3.90,80.75
e00fce680cdac6c15e5dfc75,2/23/2024 11:00:16,waterLevel_0001,waterLevel,1708704011,101.95556,3.91,81.40
e00fce686649823d18a012b5,2/23/2024 11:00:21,waterLevel_0000,waterLevel,1708704010,265.96249,3.90,80.42
e00fce680cdac6c15e5dfc75,2/23/2024 12:00:15,waterLevel_0001,waterLevel,1708707610,107.08334,3.91,81.24
e00fce686649823d18a012b5,2/23/2024 12:00:20,waterLevel_0000,waterLevel,1708707610,282.29306,3.90,80.26
e00fce680cdac6c15e5dfc75,2/23/2024 13:00:15,waterLevel_0001,waterLevel,1708711210,120.15139,3.91,81.07
e00fce686649823d18a012b5,2/23/2024 13:00:20,waterLevel_0000,waterLevel,1708711210,307.87918,3.88,80.09
e00fce680cdac6c15e5dfc75,2/23/2024 14:00:15,waterLevel_0001,waterLevel,1708714810,138.95833,3.90,80.91
e00fce686649823d18a012b5,2/23/2024 14:00:16,waterLevel_0000,waterLevel,1708714811,336.80139,3.88,79.93
e00fce686649823d18a012b5,2/23/2024 15:00:14,waterLevel_0000,waterLevel,1708718410,367.26389,3.87,79.77
e00fce680cdac6c15e5dfc75,2/23/2024 15:00:15,waterLevel_0001,waterLevel,1708718410,185.10556,3.90,80.91
e00fce686649823d18a012b5,2/23/2024 16:00:15,waterLevel_0000,waterLevel,1708722010,391.05417,3.88,79.61
e00fce680cdac6c15e5dfc75,2/23/2024 16:00:16,waterLevel_0001,waterLevel,1708722010,227.79861,3.90,80.75
e00fce686649823d18a012b5,2/23/2024 17:00:13,waterLevel_0000,waterLevel,1708725610,392.38889,3.86,79.44
e00fce680cdac6c15e5dfc75,2/23/2024 17:00:16,waterLevel_0001,waterLevel,1708725611,233.50833,3.89,80.59
e00fce686649823d18a012b5,2/23/2024 18:00:14,waterLevel_0000,waterLevel,1708729210,363.13333,3.85,79.28
e00fce680cdac6c15e5dfc75,2/23/2024 18:00:15,waterLevel_0001,waterLevel,1708729210,206.15834,3.89,80.59
e00fce686649823d18a012b5,2/23/2024 19:00:13,waterLevel_0000,waterLevel,1708732810,327.03888,3.84,79.12
e00fce680cdac6c15e5dfc75,2/23/2024 19:00:16,waterLevel_0001,waterLevel,1708732811,170.76527,3.89,80.42
e00fce686649823d18a012b5,2/23/2024 20:00:13,waterLevel_0000,waterLevel,1708736410,308.48611,3.84,78.95
e00fce680cdac6c15e5dfc75,2/23/2024 20:00:16,waterLevel_0001,waterLevel,1708736411,149.07083,3.88,80.26
e00fce686649823d18a012b5,2/23/2024 21:00:13,waterLevel_0000,waterLevel,1708740010,301.79166,3.84,78.79
e00fce680cdac6c15e5dfc75,2/23/2024 21:00:15,waterLevel_0001,waterLevel,1708740010,140.68889,3.88,80.09
e00fce686649823d18a012b5,2/23/2024 22:00:13,waterLevel_0000,waterLevel,1708743610,300.10278,3.84,78.63
e00fce680cdac6c15e5dfc75,2/23/2024 22:00:16,waterLevel_0001,waterLevel,1708743610,136.99861,3.88,79.93
e00fce686649823d18a012b5,2/23/2024 23:00:13,waterLevel_0000,waterLevel,1708747210,309.79028,3.83,78.46
e00fce680cdac6c15e5dfc75,2/23/2024 23:00:16,waterLevel_0001,waterLevel,1708747210,140.44722,3.88,79.77
e00fce686649823d18a012b5,2/24/2024 0:00:13,waterLevel_0000,waterLevel,1708750810,332.56528,3.83,78.30
e00fce680cdac6c15e5dfc75,2/24/2024 0:00:16,waterLevel_0001,waterLevel,1708750810,158.89861,3.87,79.77
e00fce686649823d18a012b5,2/24/2024 1:00:13,waterLevel_0000,waterLevel,1708754410,363.12500,3.83,78.14
e00fce680cdac6c15e5dfc75,2/24/2024 1:00:16,waterLevel_0001,waterLevel,1708754410,196.33333,3.87,79.61
e00fce686649823d18a012b5,2/24/2024 2:00:13,waterLevel_0000,waterLevel,1708758010,393.50278,3.82,77.98
e00fce680cdac6c15e5dfc75,2/24/2024 2:00:16,waterLevel_0001,waterLevel,1708758010,228.37778,3.87,79.44
e00fce686649823d18a012b5,2/24/2024 3:00:13,waterLevel_0000,waterLevel,1708761610,415.87640,3.82,77.81
e00fce680cdac6c15e5dfc75,2/24/2024 3:00:17,waterLevel_0001,waterLevel,1708761610,252.18472,3.87,79.28
e00fce686649823d18a012b5,2/24/2024 4:00:14,waterLevel_0000,waterLevel,1708765210,429.48611,3.81,77.65
e00fce680cdac6c15e5dfc75,2/24/2024 4:00:17,waterLevel_0001,waterLevel,1708765211,267.08057,3.86,79.12
e00fce686649823d18a012b5,2/24/2024 5:00:14,waterLevel_0000,waterLevel,1708768811,412.28195,3.81,77.48
e00fce680cdac6c15e5dfc75,2/24/2024 5:00:17,waterLevel_0001,waterLevel,1708768811,255.29584,3.86,78.95
e00fce686649823d18a012b5,2/24/2024 6:00:14,waterLevel_0000,waterLevel,1708772410,364.28888,3.80,77.32
e00fce680cdac6c15e5dfc75,2/24/2024 6:00:17,waterLevel_0001,waterLevel,1708772411,209.24583,3.86,78.95
e00fce686649823d18a012b5,2/24/2024 7:00:14,waterLevel_0000,waterLevel,1708776011,321.89862,3.80,77.16
e00fce680cdac6c15e5dfc75,2/24/2024 7:00:16,waterLevel_0001,waterLevel,1708776010,166.68056,3.86,78.79
e00fce680cdac6c15e5dfc75,2/24/2024 8:00:17,waterLevel_0001,waterLevel,1708779610,145.39027,3.86,78.63
e00fce686649823d18a012b5,2/24/2024 8:00:17,waterLevel_0000,waterLevel,1708779611,299.71945,3.80,76.83
e00fce680cdac6c15e5dfc75,2/24/2024 9:00:17,waterLevel_0001,waterLevel,1708783210,130.89861,3.85,78.46
e00fce686649823d18a012b5,2/24/2024 9:00:52,waterLevel_0000,waterLevel,1708783240,284.87918,3.79,76.18
e00fce680cdac6c15e5dfc75,2/24/2024 10:00:17,waterLevel_0001,waterLevel,1708786810,118.83056,3.85,78.30
e00fce686649823d18a012b5,2/24/2024 10:00:51,waterLevel_0000,waterLevel,1708786840,275.92499,3.79,75.69
e00fce680cdac6c15e5dfc75,2/24/2024 11:00:17,waterLevel_0001,waterLevel,1708790410,111.92083,3.85,78.14
e00fce686649823d18a012b5,2/24/2024 11:00:44,waterLevel_0000,waterLevel,1708790442,278.34305,3.86,75.20
e00fce686649823d18a012b5,2/24/2024 12:00:12,waterLevel_0000,waterLevel,1708794011,296.54721,4.09,75.20
e00fce680cdac6c15e5dfc75,2/24/2024 12:00:17,waterLevel_0001,waterLevel,1708794015,117.97083,3.84,77.98
e00fce680cdac6c15e5dfc75,2/24/2024 13:00:12,waterLevel_0001,waterLevel,1708797610,133.74445,3.84,77.81
e00fce686649823d18a012b5,2/24/2024 13:00:12,waterLevel_0000,waterLevel,1708797611,326.01807,4.06,75.20
e00fce686649823d18a012b5,2/24/2024 14:00:11,waterLevel_0000,waterLevel,1708801210,355.40973,4.11,75.37
e00fce680cdac6c15e5dfc75,2/24/2024 14:00:12,waterLevel_0001,waterLevel,1708801210,168.15973,3.83,77.81
e00fce680cdac6c15e5dfc75,2/24/2024 15:00:12,waterLevel_0001,waterLevel,1708804810,218.94444,3.83,77.65
e00fce686649823d18a012b5,2/24/2024 15:00:14,waterLevel_0000,waterLevel,1708804810,386.71112,4.05,75.37
e00fce680cdac6c15e5dfc75,2/24/2024 16:00:13,waterLevel_0001,waterLevel,1708808410,244.47501,3.83,77.48
e00fce686649823d18a012b5,2/24/2024 16:00:21,waterLevel_0000,waterLevel,1708808410,406.87222,4.07,75.53
e00fce680cdac6c15e5dfc75,2/24/2024 17:00:13,waterLevel_0001,waterLevel,1708812011,249.54306,3.82,77.32
e00fce686649823d18a012b5,2/24/2024 17:00:14,waterLevel_0000,waterLevel,1708812010,408.99860,4.04,75.53
e00fce680cdac6c15e5dfc75,2/24/2024 18:00:13,waterLevel_0001,waterLevel,1708815611,224.10001,3.82,77.16
e00fce686649823d18a012b5,2/24/2024 18:00:14,waterLevel_0000,waterLevel,1708815610,382.89999,4.03,75.53
e00fce680cdac6c15e5dfc75,2/24/2024 19:00:12,waterLevel_0001,waterLevel,1708819210,184.89444,3.82,77.00
e00fce686649823d18a012b5,2/24/2024 19:00:12,waterLevel_0000,waterLevel,1708819210,341.23193,4.02,75.69
e00fce686649823d18a012b5,2/24/2024 20:00:12,waterLevel_0000,waterLevel,1708822810,310.84723,4.01,75.69
e00fce680cdac6c15e5dfc75,2/24/2024 20:00:12,waterLevel_0001,waterLevel,1708822810,154.87083,3.81,76.83
e00fce686649823d18a012b5,2/24/2024 21:00:12,waterLevel_0000,waterLevel,1708826410,294.60556,4.01,75.69
e00fce686649823d18a012b5,2/24/2024 22:00:12,waterLevel_0000,waterLevel,1708830011,290.53751,4.00,75.69
e00fce680cdac6c15e5dfc75,2/24/2024 22:00:12,waterLevel_0001,waterLevel,1708830010,130.51389,3.81,76.51
e00fce680cdac6c15e5dfc75,2/24/2024 23:00:13,waterLevel_0001,waterLevel,1708833610,126.29861,3.81,76.34
e00fce686649823d18a012b5,2/24/2024 23:00:13,waterLevel_0000,waterLevel,1708833611,290.51111,3.99,75.69
e00fce686649823d18a012b5,2/25/2024 0:00:12,waterLevel_0000,waterLevel,1708837210,307.51807,3.98,75.69
e00fce680cdac6c15e5dfc75,2/25/2024 0:00:13,waterLevel_0001,waterLevel,1708837210,131.91389,3.80,76.18
e00fce686649823d18a012b5,2/25/2024 1:00:12,waterLevel_0000,waterLevel,1708840810,339.11945,3.98,75.69
e00fce680cdac6c15e5dfc75,2/25/2024 1:00:13,waterLevel_0001,waterLevel,1708840810,150.74722,3.80,76.02
e00fce686649823d18a012b5,2/25/2024 2:00:12,waterLevel_0000,waterLevel,1708844410,374.39999,3.97,75.69
e00fce680cdac6c15e5dfc75,2/25/2024 2:00:13,waterLevel_0001,waterLevel,1708844410,200.03473,3.80,75.86
e00fce686649823d18a012b5,2/25/2024 3:00:12,waterLevel_0000,waterLevel,1708848010,406.17917,3.96,75.53
e00fce680cdac6c15e5dfc75,2/25/2024 3:00:13,waterLevel_0001,waterLevel,1708848010,239.70694,3.80,75.53
e00fce686649823d18a012b5,2/25/2024 4:00:12,waterLevel_0000,waterLevel,1708851610,427.54721,3.95,75.53
e00fce680cdac6c15e5dfc75,2/25/2024 4:00:13,waterLevel_0001,waterLevel,1708851610,262.97360,3.79,75.37
e00fce680cdac6c15e5dfc75,2/25/2024 5:00:13,waterLevel_0001,waterLevel,1708855210,270.53888,3.79,75.20
e00fce686649823d18a012b5,2/25/2024 5:00:17,waterLevel_0000,waterLevel,1708855210,429.48056,3.94,75.53
e00fce686649823d18a012b5,2/25/2024 6:00:12,waterLevel_0000,waterLevel,1708858810,405.88611,3.93,75.37
e00fce680cdac6c15e5dfc75,2/25/2024 6:00:13,waterLevel_0001,waterLevel,1708858810,246.64861,3.79,75.04
e00fce686649823d18a012b5,2/25/2024 7:00:12,waterLevel_0000,waterLevel,1708862410,359.75696,3.93,75.37
e00fce680cdac6c15e5dfc75,2/25/2024 7:00:14,waterLevel_0001,waterLevel,1708862410,204.33888,3.79,74.88
e00fce680cdac6c15e5dfc75,2/25/2024 8:00:14,waterLevel_0001,waterLevel,1708866010,165.30695,3.78,74.71
e00fce686649823d18a012b5,2/25/2024 8:00:16,waterLevel_0000,waterLevel,1708866010,321.51666,3.92,75.37
e00fce680cdac6c15e5dfc75,2/25/2024 9:00:14,waterLevel_0001,waterLevel,1708869610,145.15416,3.78,74.55
e00fce686649823d18a012b5,2/25/2024 9:00:16,waterLevel_0000,waterLevel,1708869611,301.28610,3.91,75.20
e00fce686649823d18a012b5,2/25/2024 10:00:14,waterLevel_0000,waterLevel,1708873210,287.98471,3.92,75.20
e00fce680cdac6c15e5dfc75,2/25/2024 10:00:14,waterLevel_0001,waterLevel,1708873211,132.03612,3.78,74.38
e00fce680cdac6c15e5dfc75,2/25/2024 11:00:13,waterLevel_0001,waterLevel,1708876810,121.90972,3.78,74.22
e00fce686649823d18a012b5,2/25/2024 11:00:20,waterLevel_0000,waterLevel,1708876810,281.38333,3.93,75.04
e00fce680cdac6c15e5dfc75,2/25/2024 12:00:14,waterLevel_0001,waterLevel,1708880410,118.21944,3.77,74.05
e00fce686649823d18a012b5,2/25/2024 12:00:14,waterLevel_0000,waterLevel,1708880410,287.44446,3.91,74.88
e00fce686649823d18a012b5,2/25/2024 13:00:14,waterLevel_0000,waterLevel,1708884010,308.26944,3.92,74.88
e00fce680cdac6c15e5dfc75,2/25/2024 13:00:14,waterLevel_0001,waterLevel,1708884010,128.60556,3.77,73.89
e00fce680cdac6c15e5dfc75,2/25/2024 14:00:14,waterLevel_0001,waterLevel,1708887610,147.31389,3.77,73.73
e00fce686649823d18a012b5,2/25/2024 14:00:15,waterLevel_0000,waterLevel,1708887610,339.52222,4.04,74.88
e00fce686649823d18a012b5,2/25/2024 15:00:12,waterLevel_0000,waterLevel,1708891210,371.94305,4.06,74.88
e00fce680cdac6c15e5dfc75,2/25/2024 15:00:15,waterLevel_0001,waterLevel,1708891211,196.25139,3.76,73.40
e00fce686649823d18a012b5,2/25/2024 16:00:12,waterLevel_0000,waterLevel,1708894810,400.69724,4.05,75.04
e00fce680cdac6c15e5dfc75,2/25/2024 16:00:15,waterLevel_0001,waterLevel,1708894811,236.33888,3.75,73.23
e00fce686649823d18a012b5,2/25/2024 17:00:13,waterLevel_0000,waterLevel,1708898410,417.28888,4.04,75.04
e00fce680cdac6c15e5dfc75,2/25/2024 17:00:14,waterLevel_0001,waterLevel,1708898410,255.51805,3.75,73.07
e00fce686649823d18a012b5,2/25/2024 18:00:12,waterLevel_0000,waterLevel,1708902011,410.29584,4.03,75.04
e00fce680cdac6c15e5dfc75,2/25/2024 18:00:14,waterLevel_0001,waterLevel,1708902010,252.89999,3.75,72.91
e00fce680cdac6c15e5dfc75,2/25/2024 19:00:14,waterLevel_0001,waterLevel,1708905610,215.32083,3.74,72.74
e00fce686649823d18a012b5,2/25/2024 19:00:19,waterLevel_0000,waterLevel,1708905610,370.61945,4.02,75.04
e00fce686649823d18a012b5,2/25/2024 20:00:12,waterLevel_0000,waterLevel,1708909210,326.76389,4.01,75.20
e00fce680cdac6c15e5dfc75,2/25/2024 20:00:14,waterLevel_0001,waterLevel,1708909210,173.73056,3.74,72.41
e00fce686649823d18a012b5,2/25/2024 21:00:13,waterLevel_0000,waterLevel,1708912810,301.97501,4.01,75.20
e00fce680cdac6c15e5dfc75,2/25/2024 21:00:15,waterLevel_0001,waterLevel,1708912810,149.53334,3.73,72.25
e00fce686649823d18a012b5,2/25/2024 22:00:13,waterLevel_0000,waterLevel,1708916410,290.00278,4.00,75.20
e00fce680cdac6c15e5dfc75,2/25/2024 22:00:15,waterLevel_0001,waterLevel,1708916410,135.76527,3.73,72.09
e00fce686649823d18a012b5,2/25/2024 23:00:13,waterLevel_0000,waterLevel,1708920011,283.34167,3.99,75.20
e00fce680cdac6c15e5dfc75,2/25/2024 23:00:15,waterLevel_0001,waterLevel,1708920010,126.39306,3.73,71.92
e00fce686649823d18a012b5,2/26/2024 0:00:13,waterLevel_0000,waterLevel,1708923611,290.12500,3.98,75.20
e00fce680cdac6c15e5dfc75,2/26/2024 0:00:15,waterLevel_0001,waterLevel,1708923610,122.71944,3.72,71.59
e00fce680cdac6c15e5dfc75,2/26/2024 1:00:16,waterLevel_0001,waterLevel,1708927211,131.36389,3.72,71.43
e00fce686649823d18a012b5,2/26/2024 1:00:22,waterLevel_0000,waterLevel,1708927210,313.50278,3.97,75.20
e00fce686649823d18a012b5,2/26/2024 2:00:13,waterLevel_0000,waterLevel,1708930811,344.72501,3.97,75.04
e00fce680cdac6c15e5dfc75,2/26/2024 2:00:15,waterLevel_0001,waterLevel,1708930810,154.91667,3.72,71.27
e00fce686649823d18a012b5,2/26/2024 3:00:13,waterLevel_0000,waterLevel,1708934410,376.49582,3.95,75.04
e00fce680cdac6c15e5dfc75,2/26/2024 3:00:15,waterLevel_0001,waterLevel,1708934410,206.55972,3.71,70.94
e00fce680cdac6c15e5dfc75,2/26/2024 4:00:16,waterLevel_0001,waterLevel,1708938010,240.32222,3.71,70.77
e00fce680cdac6c15e5dfc75,2/26/2024 6:00:16,waterLevel_0001,waterLevel,1708945210,256.64584,3.70,70.28
e00fce680cdac6c15e5dfc75,2/26/2024 7:00:16,waterLevel_0001,waterLevel,1708948810,220.26250,3.70,70.12
e00fce686649823d18a012b5,2/26/2024 7:00:12,waterLevel_0000,waterLevel,1708948810,375.10693,3.94,74.88
e00fce680cdac6c15e5dfc75,2/26/2024 8:00:16,waterLevel_0001,waterLevel,1708952411,177.96388,3.70,69.95
e00fce686649823d18a012b5,2/26/2024 8:00:16,waterLevel_0000,waterLevel,1708952410,331.77640,3.94,74.88
e00fce686649823d18a012b5,2/26/2024 9:00:14,waterLevel_0000,waterLevel,1708956010,304.00974,3.95,74.88
e00fce680cdac6c15e5dfc75,2/26/2024 9:00:17,waterLevel_0001,waterLevel,1708956011,151.13472,3.70,69.62
e00fce680cdac6c15e5dfc75,2/26/2024 10:00:16,waterLevel_0001,waterLevel,1708959610,135.56389,3.70,69.46
e00fce686649823d18a012b5,2/26/2024 10:00:17,waterLevel_0000,waterLevel,1708959611,288.02362,3.94,74.71
e00fce686649823d18a012b5,2/26/2024 14:00:13,waterLevel_0000,waterLevel,1708974010,311.73193,4.06,74.88
e00fce680cdac6c15e5dfc75,2/26/2024 14:00:25,waterLevel_0001,waterLevel,1708974010,125.52917,3.69,68.64
e00fce686649823d18a012b5,2/26/2024 15:00:13,waterLevel_0000,waterLevel,1708977610,343.54721,4.05,75.04
e00fce680cdac6c15e5dfc75,2/26/2024 15:00:16,waterLevel_0001,waterLevel,1708977610,148.53055,3.69,68.17
e00fce680cdac6c15e5dfc75,2/26/2024 16:00:16,waterLevel_0001,waterLevel,1708981210,202.41251,3.68,68.02
e00fce686649823d18a012b5,2/26/2024 16:00:22,waterLevel_0000,waterLevel,1708981210,375.92499,4.04,75.04
e00fce686649823d18a012b5,2/26/2024 17:00:13,waterLevel_0000,waterLevel,1708984810,401.03473,4.03,75.04
e00fce680cdac6c15e5dfc75,2/26/2024 17:00:17,waterLevel_0001,waterLevel,1708984810,240.10973,3.68,67.88
e00fce686649823d18a012b5,2/26/2024 18:00:13,waterLevel_0000,waterLevel,1708988411,410.95557,4.02,75.04
e00fce680cdac6c15e5dfc75,2/26/2024 18:00:17,waterLevel_0001,waterLevel,1708988410,252.34723,3.68,67.59
e00fce686649823d18a012b5,2/26/2024 19:00:13,waterLevel_0000,waterLevel,1708992010,386.97083,4.01,75.20
e00fce680cdac6c15e5dfc75,2/26/2024 19:00:17,waterLevel_0001,waterLevel,1708992011,233.11806,3.68,67.45
e00fce686649823d18a012b5,2/26/2024 20:00:13,waterLevel_0000,waterLevel,1708995610,343.98611,4.00,75.20
e00fce680cdac6c15e5dfc75,2/26/2024 20:00:16,waterLevel_0001,waterLevel,1708995610,191.04584,3.68,67.16
e00fce686649823d18a012b5,2/26/2024 21:00:13,waterLevel_0000,waterLevel,1708999210,312.33749,3.99,75.20
e00fce680cdac6c15e5dfc75,2/26/2024 21:00:17,waterLevel_0001,waterLevel,1708999210,158.59723,3.67,67.01
e00fce686649823d18a012b5,2/26/2024 22:00:13,waterLevel_0000,waterLevel,1709002810,296.60138,3.98,75.20
e00fce680cdac6c15e5dfc75,2/26/2024 22:00:17,waterLevel_0001,waterLevel,1709002810,143.72084,3.67,66.72
e00fce680cdac6c15e5dfc75,2/26/2024 23:00:17,waterLevel_0001,waterLevel,1709006410,131.09305,3.67,66.58
e00fce686649823d18a012b5,2/26/2024 23:00:25,waterLevel_0000,waterLevel,1709006410,286.67639,3.97,75.20
e00fce686649823d18a012b5,2/27/2024 0:00:13,waterLevel_0000,waterLevel,1709010010,284.25833,3.97,75.04
e00fce680cdac6c15e5dfc75,2/27/2024 0:00:17,waterLevel_0001,waterLevel,1709010010,124.20000,3.67,66.29
e00fce686649823d18a012b5,2/27/2024 1:00:13,waterLevel_0000,waterLevel,1709013610,299.91388,3.96,75.04
e00fce680cdac6c15e5dfc75,2/27/2024 1:00:17,waterLevel_0001,waterLevel,1709013610,128.13194,3.67,66.14
e00fce686649823d18a012b5,2/27/2024 2:00:13,waterLevel_0000,waterLevel,1709017210,328.35693,3.95,75.04
e00fce680cdac6c15e5dfc75,2/27/2024 2:00:18,waterLevel_0001,waterLevel,1709017210,143.86945,3.67,65.86
e00fce686649823d18a012b5,2/27/2024 3:00:13,waterLevel_0000,waterLevel,1709020810,359.05417,3.94,75.04
e00fce680cdac6c15e5dfc75,2/27/2024 3:00:18,waterLevel_0001,waterLevel,1709020811,182.86806,3.66,65.71
e00fce686649823d18a012b5,2/27/2024 4:00:13,waterLevel_0000,waterLevel,1709024410,392.91666,3.94,74.88
e00fce680cdac6c15e5dfc75,2/27/2024 4:00:17,waterLevel_0001,waterLevel,1709024410,228.83194,3.66,65.42
e00fce680cdac6c15e5dfc75,2/27/2024 5:00:18,waterLevel_0001,waterLevel,1709028011,253.63889,3.66,65.28
e00fce686649823d18a012b5,2/27/2024 5:00:19,waterLevel_0000,waterLevel,1709028010,415.79306,3.93,74.88
e00fce686649823d18a012b5,2/27/2024 6:00:14,waterLevel_0000,waterLevel,1709031611,426.31528,3.93,74.88
e00fce680cdac6c15e5dfc75,2/27/2024 6:00:17,waterLevel_0001,waterLevel,1709031610,267.73193,3.66,64.99
e00fce680cdac6c15e5dfc75,2/27/2024 7:00:18,waterLevel_0001,waterLevel,1709035210,248.56667,3.66,64.84
e00fce686649823d18a012b5,2/27/2024 7:00:14,waterLevel_0000,waterLevel,1709035211,402.72083,3.93,74.71
e00fce686649823d18a012b5,2/27/2024 7:00:14,waterLevel_0000,waterLevel,1709035211,402.72083,3.93,74.71
e00fce680cdac6c15e5dfc75,2/27/2024 8:00:18,waterLevel_0001,waterLevel,1709038810,204.41806,3.66,64.55
e00fce686649823d18a012b5,2/27/2024 8:00:18,waterLevel_0000,waterLevel,1709038811,356.60971,3.92,74.71
e00fce680cdac6c15e5dfc75,2/27/2024 9:00:18,waterLevel_0001,waterLevel,1709042410,166.17917,3.66,64.41
e00fce686649823d18a012b5,2/27/2024 9:00:16,waterLevel_0000,waterLevel,1709042410,320.28751,3.93,74.55
e00fce686649823d18a012b5,2/27/2024 9:00:16,waterLevel_0000,waterLevel,1709042410,320.28751,3.93,74.55
e00fce686649823d18a012b5,2/27/2024 10:00:15,waterLevel_0000,waterLevel,1709046010,300.78333,3.92,74.55
e00fce680cdac6c15e5dfc75,2/27/2024 10:00:18,waterLevel_0001,waterLevel,1709046010,147.32639,3.66,64.27
e00fce686649823d18a012b5,2/27/2024 11:00:14,waterLevel_0000,waterLevel,1709049613,290.95416,3.90,74.55
e00fce680cdac6c15e5dfc75,2/27/2024 11:00:18,waterLevel_0001,waterLevel,1709049610,135.68611,3.66,63.98
e00fce686649823d18a012b5,2/27/2024 12:00:17,waterLevel_0000,waterLevel,1709053210,287.73471,3.91,74.38
e00fce680cdac6c15e5dfc75,2/27/2024 12:00:18,waterLevel_0001,waterLevel,1709053216,128.24722,3.65,63.83
e00fce686649823d18a012b5,2/27/2024 13:00:19,waterLevel_0000,waterLevel,1709056810,296.84723,3.90,74.22
e00fce680cdac6c15e5dfc75,2/27/2024 13:00:21,waterLevel_0001,waterLevel,1709056810,129.54723,3.65,63.54
e00fce680cdac6c15e5dfc75,2/27/2024 14:00:12,waterLevel_0001,waterLevel,1709060410,143.39999,3.65,63.25
e00fce686649823d18a012b5,2/27/2024 14:00:14,waterLevel_0000,waterLevel,1709060410,323.18750,3.89,74.22
e00fce680cdac6c15e5dfc75,2/27/2024 15:00:12,waterLevel_0001,waterLevel,1709064010,180.01666,3.65,62.96
e00fce686649823d18a012b5,2/27/2024 15:00:19,waterLevel_0000,waterLevel,1709064010,352.35693,3.87,74.05
e00fce680cdac6c15e5dfc75,2/27/2024 16:00:12,waterLevel_0001,waterLevel,1709067610,219.38611,3.65,62.82
e00fce686649823d18a012b5,2/27/2024 16:00:14,waterLevel_0000,waterLevel,1709067610,382.68472,3.86,73.89
e00fce680cdac6c15e5dfc75,2/27/2024 17:00:13,waterLevel_0001,waterLevel,1709071210,246.68056,3.65,62.68
e00fce686649823d18a012b5,2/27/2024 17:00:19,waterLevel_0000,waterLevel,1709071210,408.07501,3.86,73.73
e00fce686649823d18a012b5,2/27/2024 18:00:12,waterLevel_0000,waterLevel,1709074810,425.23749,3.85,73.56
e00fce680cdac6c15e5dfc75,2/27/2024 18:00:13,waterLevel_0001,waterLevel,1709074810,264.59860,3.65,62.39
e00fce686649823d18a012b5,2/27/2024 19:00:12,waterLevel_0000,waterLevel,1709078411,418.95694,3.84,73.40
e00fce680cdac6c15e5dfc75,2/27/2024 19:00:13,waterLevel_0001,waterLevel,1709078410,263.77222,3.64,62.24
e00fce686649823d18a012b5,2/27/2024 20:00:11,waterLevel_0000,waterLevel,1709082010,371.84583,3.82,73.23
e00fce680cdac6c15e5dfc75,2/27/2024 20:00:13,waterLevel_0001,waterLevel,1709082010,220.52361,3.64,61.95
e00fce686649823d18a012b5,2/27/2024 21:00:11,waterLevel_0000,waterLevel,1709085610,327.14029,3.82,73.23
e00fce680cdac6c15e5dfc75,2/27/2024 21:00:14,waterLevel_0001,waterLevel,1709085611,175.95833,3.64,61.81
e00fce686649823d18a012b5,2/27/2024 22:00:11,waterLevel_0000,waterLevel,1709089210,302.07639,3.82,73.07
e00fce680cdac6c15e5dfc75,2/27/2024 22:00:13,waterLevel_0001,waterLevel,1709089210,150.23056,3.64,61.66
e00fce680cdac6c15e5dfc75,2/27/2024 23:00:13,waterLevel_0001,waterLevel,1709092810,135.88055,3.64,61.38
e00fce686649823d18a012b5,2/27/2024 23:00:15,waterLevel_0000,waterLevel,1709092810,287.98471,3.81,72.91
e00fce686649823d18a012b5,2/28/2024 0:00:11,waterLevel_0000,waterLevel,1709096410,279.87918,3.80,72.74
e00fce680cdac6c15e5dfc75,2/28/2024 0:00:13,waterLevel_0001,waterLevel,1709096410,126.52639,3.64,61.38
e00fce686649823d18a012b5,2/28/2024 1:00:11,waterLevel_0000,waterLevel,1709100010,280.41110,3.79,72.58
e00fce680cdac6c15e5dfc75,2/28/2024 1:00:13,waterLevel_0001,waterLevel,1709100010,119.47222,3.64,61.06
e00fce686649823d18a012b5,2/28/2024 2:00:11,waterLevel_0000,waterLevel,1709103610,299.58057,3.78,72.41
e00fce680cdac6c15e5dfc75,2/28/2024 2:00:14,waterLevel_0001,waterLevel,1709103610,125.48473,3.64,60.74
e00fce686649823d18a012b5,2/28/2024 3:00:11,waterLevel_0000,waterLevel,1709107210,329.12360,3.78,72.25
e00fce680cdac6c15e5dfc75,2/28/2024 3:00:14,waterLevel_0001,waterLevel,1709107211,143.54584,3.64,60.74
e00fce686649823d18a012b5,2/28/2024 4:00:11,waterLevel_0000,waterLevel,1709110810,360.84167,3.77,72.09
e00fce680cdac6c15e5dfc75,2/28/2024 4:00:14,waterLevel_0001,waterLevel,1709110810,186.73473,3.64,60.43
e00fce686649823d18a012b5,2/28/2024 5:00:12,waterLevel_0000,waterLevel,1709114410,389.95416,3.76,71.92
e00fce680cdac6c15e5dfc75,2/28/2024 5:00:14,waterLevel_0001,waterLevel,1709114410,227.62778,3.63,60.11
e00fce686649823d18a012b5,2/28/2024 6:00:12,waterLevel_0000,waterLevel,1709118010,408.00833,3.75,71.59
e00fce680cdac6c15e5dfc75,2/28/2024 6:00:13,waterLevel_0001,waterLevel,1709118010,246.94167,3.63,60.11
e00fce686649823d18a012b5,2/28/2024 7:00:12,waterLevel_0000,waterLevel,1709121610,413.82639,3.73,71.43
e00fce680cdac6c15e5dfc75,2/28/2024 7:00:13,waterLevel_0001,waterLevel,1709121610,257.22083,3.63,59.79
e00fce680cdac6c15e5dfc75,2/28/2024 8:00:14,waterLevel_0001,waterLevel,1709125210,234.89166,3.63,59.48
e00fce686649823d18a012b5,2/28/2024 8:00:16,waterLevel_0000,waterLevel,1709125210,389.50974,3.73,71.27
e00fce680cdac6c15e5dfc75,2/28/2024 9:00:14,waterLevel_0001,waterLevel,1709128810,192.38055,3.63,59.48
e00fce686649823d18a012b5,2/28/2024 9:00:49,waterLevel_0000,waterLevel,1709128840,345.10834,3.72,70.45
e00fce680cdac6c15e5dfc75,2/28/2024 10:00:14,waterLevel_0001,waterLevel,1709132410,158.91251,3.63,59.16
e00fce686649823d18a012b5,2/28/2024 10:00:34,waterLevel_0000,waterLevel,1709132430,312.68195,3.71,69.79
e00fce680cdac6c15e5dfc75,2/28/2024 11:00:14,waterLevel_0001,waterLevel,1709136010,142.21111,3.63,58.84
e00fce686649823d18a012b5,2/28/2024 11:00:41,waterLevel_0000,waterLevel,1709136040,295.29028,3.81,69.30
e00fce680cdac6c15e5dfc75,2/28/2024 12:00:14,waterLevel_0001,waterLevel,1709139611,129.81667,3.63,58.84
e00fce686649823d18a012b5,2/28/2024 12:00:20,waterLevel_0000,waterLevel,1709139610,284.68890,3.94,69.30
e00fce686649823d18a012b5,2/28/2024 13:00:14,waterLevel_0000,waterLevel,1709143210,279.43054,4.05,69.46
e00fce680cdac6c15e5dfc75,2/28/2024 13:00:15,waterLevel_0001,waterLevel,1709143211,121.07639,3.63,58.53
e00fce686649823d18a012b5,2/28/2024 14:00:12,waterLevel_0000,waterLevel,1709146810,284.94028,4.07,69.46
e00fce680cdac6c15e5dfc75,2/28/2024 14:00:14,waterLevel_0001,waterLevel,1709146810,118.93195,3.63,58.21
e00fce686649823d18a012b5,2/28/2024 15:00:12,waterLevel_0000,waterLevel,1709150410,308.07224,4.06,69.62
e00fce680cdac6c15e5dfc75,2/28/2024 15:00:14,waterLevel_0001,waterLevel,1709150410,128.94305,3.63,58.21
e00fce686649823d18a012b5,2/28/2024 16:00:14,waterLevel_0000,waterLevel,1709154010,339.46390,4.05,69.62
e00fce680cdac6c15e5dfc75,2/28/2024 16:00:15,waterLevel_0001,waterLevel,1709154010,151.98334,3.63,57.89
e00fce680cdac6c15e5dfc75,2/28/2024 17:00:14,waterLevel_0001,waterLevel,1709157610,202.72084,3.62,57.58
e00fce686649823d18a012b5,2/28/2024 17:00:14,waterLevel_0000,waterLevel,1709157610,370.94583,4.04,69.79
e00fce686649823d18a012b5,2/28/2024 18:00:13,waterLevel_0000,waterLevel,1709161211,392.89862,4.03,69.95
e00fce680cdac6c15e5dfc75,2/28/2024 18:00:15,waterLevel_0001,waterLevel,1709161210,232.39722,3.62,57.58
e00fce686649823d18a012b5,2/28/2024 19:00:12,waterLevel_0000,waterLevel,1709164810,401.46667,4.02,69.95
e00fce680cdac6c15e5dfc75,2/28/2024 19:00:15,waterLevel_0001,waterLevel,1709164810,244.52222,3.62,57.26
e00fce686649823d18a012b5,2/28/2024 20:00:12,waterLevel_0000,waterLevel,1709168410,378.15833,4.01,69.95
e00fce680cdac6c15e5dfc75,2/28/2024 20:00:15,waterLevel_0001,waterLevel,1709168410,221.97362,3.62,56.95
e00fce686649823d18a012b5,2/28/2024 21:00:12,waterLevel_0000,waterLevel,1709172010,339.41943,4.00,70.12
e00fce680cdac6c15e5dfc75,2/28/2024 21:00:15,waterLevel_0001,waterLevel,1709172010,185.76250,3.62,56.95
e00fce686649823d18a012b5,2/28/2024 22:00:12,waterLevel_0000,waterLevel,1709175611,313.80695,3.99,70.12
e00fce680cdac6c15e5dfc75,2/28/2024 22:00:15,waterLevel_0001,waterLevel,1709175611,157.89999,3.62,56.63
e00fce686649823d18a012b5,2/28/2024 23:00:11,waterLevel_0000,waterLevel,1709179210,300.49304,3.99,70.12
e00fce680cdac6c15e5dfc75,2/28/2024 23:00:14,waterLevel_0001,waterLevel,1709179210,145.74722,3.62,56.31
e00fce686649823d18a012b5,2/29/2024 0:00:12,waterLevel_0000,waterLevel,1709182810,291.62082,3.98,70.12
e00fce680cdac6c15e5dfc75,2/29/2024 0:00:15,waterLevel_0001,waterLevel,1709182810,135.56111,3.62,56.31
e00fce686649823d18a012b5,2/29/2024 1:00:12,waterLevel_0000,waterLevel,1709186410,288.52917,3.97,70.12
e00fce680cdac6c15e5dfc75,2/29/2024 1:00:15,waterLevel_0001,waterLevel,1709186410,128.37222,3.62,56.00
e00fce686649823d18a012b5,2/29/2024 2:00:12,waterLevel_0000,waterLevel,1709190010,302.03888,3.96,70.12
e00fce680cdac6c15e5dfc75,2/29/2024 2:00:15,waterLevel_0001,waterLevel,1709190010,130.40834,3.61,55.68
e00fce686649823d18a012b5,2/29/2024 3:00:12,waterLevel_0000,waterLevel,1709193610,330.13474,3.96,70.12
e00fce680cdac6c15e5dfc75,2/29/2024 3:00:15,waterLevel_0001,waterLevel,1709193610,146.60973,3.61,55.68
e00fce686649823d18a012b5,2/29/2024 4:00:12,waterLevel_0000,waterLevel,1709197210,365.68332,3.95,70.12
e00fce680cdac6c15e5dfc75,2/29/2024 4:00:15,waterLevel_0001,waterLevel,1709197210,190.47501,3.61,55.36
e00fce686649823d18a012b5,2/29/2024 5:00:13,waterLevel_0000,waterLevel,1709200810,402.59860,3.94,70.12
e00fce680cdac6c15e5dfc75,2/29/2024 5:00:16,waterLevel_0001,waterLevel,1709200810,236.54167,3.61,55.05
e00fce686649823d18a012b5,2/29/2024 6:00:12,waterLevel_0000,waterLevel,1709204411,430.85834,3.93,70.12
e00fce680cdac6c15e5dfc75,2/29/2024 6:00:15,waterLevel_0001,waterLevel,1709204410,267.34167,3.61,55.05
e00fce686649823d18a012b5,2/29/2024 7:00:11,waterLevel_0000,waterLevel,1709208010,452.08057,3.92,70.12
e00fce680cdac6c15e5dfc75,2/29/2024 7:00:15,waterLevel_0001,waterLevel,1709208010,289.76944,3.61,54.73
e00fce686649823d18a012b5,2/29/2024 8:00:14,waterLevel_0000,waterLevel,1709211611,447.26389,3.91,70.12
e00fce680cdac6c15e5dfc75,2/29/2024 8:00:15,waterLevel_0001,waterLevel,1709211610,290.58334,3.61,54.41
e00fce686649823d18a012b5,2/29/2024 9:00:13,waterLevel_0000,waterLevel,1709215211,403.59027,3.92,70.12
e00fce680cdac6c15e5dfc75,2/29/2024 9:00:15,waterLevel_0001,waterLevel,1709215210,250.30833,3.61,54.41
e00fce680cdac6c15e5dfc75,2/29/2024 10:00:16,waterLevel_0001,waterLevel,1709218810,205.28473,3.61,54.10
e00fce686649823d18a012b5,2/29/2024 10:00:18,waterLevel_0000,waterLevel,1709218811,362.80695,3.92,69.95
e00fce680cdac6c15e5dfc75,2/29/2024 11:00:16,waterLevel_0001,waterLevel,1709222410,179.29723,3.61,53.78
e00fce686649823d18a012b5,2/29/2024 11:00:18,waterLevel_0000,waterLevel,1709222410,337.04584,3.91,69.95
e00fce680cdac6c15e5dfc75,2/29/2024 12:00:16,waterLevel_0001,waterLevel,1709226010,162.92917,3.61,53.78
e00fce686649823d18a012b5,2/29/2024 12:00:18,waterLevel_0000,waterLevel,1709226010,322.88196,4.05,69.95
e00fce686649823d18a012b5,2/29/2024 13:00:12,waterLevel_0000,waterLevel,1709229611,316.25000,4.05,70.12
e00fce680cdac6c15e5dfc75,2/29/2024 13:00:15,waterLevel_0001,waterLevel,1709229610,154.81667,3.60,53.46
e00fce686649823d18a012b5,2/29/2024 14:00:12,waterLevel_0000,waterLevel,1709233211,325.56668,4.05,70.12
e00fce680cdac6c15e5dfc75,2/29/2024 14:00:16,waterLevel_0001,waterLevel,1709233210,160.64027,3.60,53.08
e00fce686649823d18a012b5,2/29/2024 15:00:15,waterLevel_0000,waterLevel,1709236811,350.30276,4.06,70.28
e00fce680cdac6c15e5dfc75,2/29/2024 15:00:16,waterLevel_0001,waterLevel,1709236810,185.89444,3.60,53.08
e00fce686649823d18a012b5,2/29/2024 16:00:15,waterLevel_0000,waterLevel,1709240411,377.74860,4.05,70.28
e00fce680cdac6c15e5dfc75,2/29/2024 16:00:16,waterLevel_0001,waterLevel,1709240410,215.60973,3.60,52.70
e00fce686649823d18a012b5,2/29/2024 17:00:14,waterLevel_0000,waterLevel,1709244010,402.07224,4.03,70.45
e00fce680cdac6c15e5dfc75,2/29/2024 17:00:16,waterLevel_0001,waterLevel,1709244010,239.48056,3.60,52.70
e00fce686649823d18a012b5,2/29/2024 18:00:12,waterLevel_0000,waterLevel,1709247610,421.02499,4.02,70.45
e00fce680cdac6c15e5dfc75,2/29/2024 18:00:16,waterLevel_0001,waterLevel,1709247610,259.01389,3.60,52.31
e00fce686649823d18a012b5,2/29/2024 19:00:13,waterLevel_0000,waterLevel,1709251211,434.13055,4.01,70.61
e00fce680cdac6c15e5dfc75,2/29/2024 19:00:17,waterLevel_0001,waterLevel,1709251210,274.34860,3.59,52.31
e00fce686649823d18a012b5,2/29/2024 20:00:12,waterLevel_0000,waterLevel,1709254810,425.92361,4.01,70.61
e00fce680cdac6c15e5dfc75,2/29/2024 20:00:17,waterLevel_0001,waterLevel,1709254810,269.11111,3.60,51.93
e00fce680cdac6c15e5dfc75,2/29/2024 21:00:17,waterLevel_0001,waterLevel,1709258410,233.15416,3.59,51.55
e00fce686649823d18a012b5,2/29/2024 21:00:25,waterLevel_0000,waterLevel,1709258410,388.98471,4.00,70.61
e00fce686649823d18a012b5,2/29/2024 22:00:12,waterLevel_0000,waterLevel,1709262010,350.34723,3.99,70.77
e00fce680cdac6c15e5dfc75,2/29/2024 22:00:17,waterLevel_0001,waterLevel,1709262011,195.08333,3.59,51.55
e00fce686649823d18a012b5,2/29/2024 23:00:12,waterLevel_0000,waterLevel,1709265610,323.68610,3.99,70.77
e00fce680cdac6c15e5dfc75,2/29/2024 23:00:17,waterLevel_0001,waterLevel,1709265611,166.01389,3.59,51.16
e00fce686649823d18a012b5,3/1/2024 0:00:12,waterLevel_0000,waterLevel,1709269210,307.65973,3.98,70.77
e00fce680cdac6c15e5dfc75,3/1/2024 0:00:17,waterLevel_0001,waterLevel,1709269210,150.75000,3.59,51.16
e00fce686649823d18a012b5,3/1/2024 1:00:12,waterLevel_0000,waterLevel,1709272810,298.57361,3.98,70.77
e00fce680cdac6c15e5dfc75,3/1/2024 1:00:17,waterLevel_0001,waterLevel,1709272810,141.32083,3.59,50.78
e00fce686649823d18a012b5,3/1/2024 2:00:12,waterLevel_0000,waterLevel,1709276410,298.89307,3.98,70.77
e00fce680cdac6c15e5dfc75,3/1/2024 2:00:17,waterLevel_0001,waterLevel,1709276410,136.29028,3.59,50.78
e00fce686649823d18a012b5,3/1/2024 3:00:12,waterLevel_0000,waterLevel,1709280010,314.98611,3.97,70.77
e00fce680cdac6c15e5dfc75,3/1/2024 3:00:24,waterLevel_0001,waterLevel,1709280010,143.00694,3.59,50.39
e00fce686649823d18a012b5,3/1/2024 4:00:12,waterLevel_0000,waterLevel,1709283610,344.39722,3.96,70.77
e00fce680cdac6c15e5dfc75,3/1/2024 4:00:17,waterLevel_0001,waterLevel,1709283610,168.25555,3.59,50.01
e00fce686649823d18a012b5,3/1/2024 5:00:13,waterLevel_0000,waterLevel,1709287210,376.32639,3.95,70.77
e00fce680cdac6c15e5dfc75,3/1/2024 5:00:17,waterLevel_0001,waterLevel,1709287210,212.70972,3.59,49.62
e00fce686649823d18a012b5,3/1/2024 6:00:13,waterLevel_0000,waterLevel,1709290811,403.36111,3.94,70.77
e00fce680cdac6c15e5dfc75,3/1/2024 6:00:18,waterLevel_0001,waterLevel,1709290810,240.98611,3.59,49.62
e00fce686649823d18a012b5,3/1/2024 7:00:12,waterLevel_0000,waterLevel,1709294410,423.98889,3.94,70.77
e00fce680cdac6c15e5dfc75,3/1/2024 7:00:18,waterLevel_0001,waterLevel,1709294410,261.37778,3.59,49.24
e00fce686649823d18a012b5,3/1/2024 8:00:16,waterLevel_0000,waterLevel,1709298010,429.30139,3.94,70.77
e00fce680cdac6c15e5dfc75,3/1/2024 8:00:18,waterLevel_0001,waterLevel,1709298010,270.12918,3.58,49.24
e00fce680cdac6c15e5dfc75,3/1/2024 9:00:18,waterLevel_0001,waterLevel,1709301610,255.26805,3.58,48.86
e00fce686649823d18a012b5,3/1/2024 9:00:20,waterLevel_0000,waterLevel,1709301611,409.22916,3.94,70.77
e00fce686649823d18a012b5,3/1/2024 10:00:17,waterLevel_0000,waterLevel,1709305210,369.76666,3.94,70.61
e00fce680cdac6c15e5dfc75,3/1/2024 10:00:18,waterLevel_0001,waterLevel,1709305210,215.33194,3.58,48.86
e00fce686649823d18a012b5,3/1/2024 11:00:12,waterLevel_0000,waterLevel,1709308811,336.75418,3.93,70.61
e00fce680cdac6c15e5dfc75,3/1/2024 11:00:18,waterLevel_0001,waterLevel,1709308810,180.15695,3.58,48.48
e00fce680cdac6c15e5dfc75,3/1/2024 12:00:18,waterLevel_0001,waterLevel,1709312416,160.75000,3.58,48.09
e00fce686649823d18a012b5,3/1/2024 12:00:18,waterLevel_0000,waterLevel,1709312410,318.41251,4.03,70.77
e00fce680cdac6c15e5dfc75,3/1/2024 13:00:12,waterLevel_0001,waterLevel,1709316010,150.37778,3.58,48.09
e00fce686649823d18a012b5,3/1/2024 13:00:16,waterLevel_0000,waterLevel,1709316010,308.45972,4.07,70.77
e00fce686649823d18a012b5,3/1/2024 14:00:12,waterLevel_0000,waterLevel,1709319610,307.51944,4.04,70.94
e00fce680cdac6c15e5dfc75,3/1/2024 14:00:12,waterLevel_0001,waterLevel,1709319610,145.98473,3.58,47.71
e00fce680cdac6c15e5dfc75,3/1/2024 15:00:12,waterLevel_0001,waterLevel,1709323210,154.10278,3.58,47.71
e00fce686649823d18a012b5,3/1/2024 15:00:22,waterLevel_0000,waterLevel,1709323210,321.13889,4.05,71.10
e00fce680cdac6c15e5dfc75,3/1/2024 16:00:13,waterLevel_0001,waterLevel,1709326810,184.93056,3.58,47.32
e00fce686649823d18a012b5,3/1/2024 16:00:14,waterLevel_0000,waterLevel,1709326810,351.87222,4.03,71.10
e00fce686649823d18a012b5,3/1/2024 17:00:12,waterLevel_0000,waterLevel,1709330410,379.34027,4.02,71.10
e00fce680cdac6c15e5dfc75,3/1/2024 17:00:13,waterLevel_0001,waterLevel,1709330410,218.54028,3.57,47.32
e00fce680cdac6c15e5dfc75,3/1/2024 18:00:13,waterLevel_0001,waterLevel,1709334010,240.02222,3.57,46.91
e00fce686649823d18a012b5,3/1/2024 18:00:17,waterLevel_0000,waterLevel,1709334010,401.93472,4.02,71.27
e00fce686649823d18a012b5,3/1/2024 19:00:13,waterLevel_0000,waterLevel,1709337611,419.15140,4.01,71.27
e00fce680cdac6c15e5dfc75,3/1/2024 19:00:14,waterLevel_0001,waterLevel,1709337611,259.11249,3.57,46.50
e00fce686649823d18a012b5,3/1/2024 20:00:12,waterLevel_0000,waterLevel,1709341210,421.97501,4.01,71.27
e00fce680cdac6c15e5dfc75,3/1/2024 20:00:13,waterLevel_0001,waterLevel,1709341210,264.21667,3.57,46.50
e00fce686649823d18a012b5,3/1/2024 21:00:12,waterLevel_0000,waterLevel,1709344810,394.89166,4.00,71.43
e00fce680cdac6c15e5dfc75,3/1/2024 21:00:13,waterLevel_0001,waterLevel,1709344810,241.28055,3.56,46.10
e00fce680cdac6c15e5dfc75,3/1/2024 22:00:13,waterLevel_0001,waterLevel,1709348410,202.58749,3.56,46.10
e00fce686649823d18a012b5,3/1/2024 22:00:12,waterLevel_0000,waterLevel,1709348410,355.98471,4.00,71.43
e00fce686649823d18a012b5,3/1/2024 23:00:12,waterLevel_0000,waterLevel,1709352010,323.97778,3.99,71.43
e00fce680cdac6c15e5dfc75,3/1/2024 23:00:13,waterLevel_0001,waterLevel,1709352010,168.76527,3.56,45.69
e00fce686649823d18a012b5,3/2/2024 0:00:12,waterLevel_0000,waterLevel,1709355610,304.10693,3.99,71.43
e00fce680cdac6c15e5dfc75,3/2/2024 0:00:13,waterLevel_0001,waterLevel,1709355610,150.48611,3.56,45.69
e00fce686649823d18a012b5,3/2/2024 1:00:12,waterLevel_0000,waterLevel,1709359210,292.39862,3.98,71.43
e00fce680cdac6c15e5dfc75,3/2/2024 1:00:13,waterLevel_0001,waterLevel,1709359210,136.76389,3.56,45.28
e00fce686649823d18a012b5,3/2/2024 2:00:12,waterLevel_0000,waterLevel,1709362810,282.21945,3.97,71.43
e00fce680cdac6c15e5dfc75,3/2/2024 2:00:14,waterLevel_0001,waterLevel,1709362810,127.51111,3.56,45.28
e00fce686649823d18a012b5,3/2/2024 3:00:12,waterLevel_0000,waterLevel,1709366410,277.96805,3.97,71.43
e00fce680cdac6c15e5dfc75,3/2/2024 3:00:14,waterLevel_0001,waterLevel,1709366410,118.40278,3.56,44.87
e00fce686649823d18a012b5,3/2/2024 4:00:12,waterLevel_0000,waterLevel,1709370010,291.36526,3.96,71.43
e00fce680cdac6c15e5dfc75,3/2/2024 4:00:14,waterLevel_0001,waterLevel,1709370011,119.53333,3.55,44.46
e00fce686649823d18a012b5,3/2/2024 5:00:12,waterLevel_0000,waterLevel,1709373610,317.17639,3.96,71.43
e00fce680cdac6c15e5dfc75,3/2/2024 5:00:13,waterLevel_0001,waterLevel,1709373610,130.67361,3.55,44.46
e00fce680cdac6c15e5dfc75,3/2/2024 6:00:13,waterLevel_0001,waterLevel,1709377210,154.70416,3.55,44.05
e00fce686649823d18a012b5,3/2/2024 6:00:13,waterLevel_0000,waterLevel,1709377211,347.61667,3.95,71.43
e00fce686649823d18a012b5,3/2/2024 7:00:13,waterLevel_0000,waterLevel,1709380811,373.82361,3.95,71.43
e00fce680cdac6c15e5dfc75,3/2/2024 7:00:14,waterLevel_0001,waterLevel,1709380810,195.45833,3.55,44.05
e00fce686649823d18a012b5,3/2/2024 8:00:13,waterLevel_0000,waterLevel,1709384411,395.16806,3.95,71.43
e00fce680cdac6c15e5dfc75,3/2/2024 8:00:14,waterLevel_0001,waterLevel,1709384410,219.18611,3.55,43.64
e00fce680cdac6c15e5dfc75,3/2/2024 9:00:14,waterLevel_0001,waterLevel,1709388010,225.82222,3.55,43.64
e00fce686649823d18a012b5,3/2/2024 9:00:21,waterLevel_0000,waterLevel,1709388010,399.52777,3.94,71.43
e00fce686649823d18a012b5,3/2/2024 10:00:14,waterLevel_0000,waterLevel,1709391610,386.33472,3.95,71.43
e00fce680cdac6c15e5dfc75,3/2/2024 10:00:14,waterLevel_0001,waterLevel,1709391610,221.16112,3.55,43.23
e00fce680cdac6c15e5dfc75,3/2/2024 11:00:14,waterLevel_0001,waterLevel,1709395210,188.17639,3.54,42.82
e00fce686649823d18a012b5,3/2/2024 11:00:22,waterLevel_0000,waterLevel,1709395210,349.25833,3.97,71.43
e00fce686649823d18a012b5,3/2/2024 12:00:12,waterLevel_0000,waterLevel,1709398810,322.91388,4.02,71.43
e00fce680cdac6c15e5dfc75,3/2/2024 12:00:15,waterLevel_0001,waterLevel,1709398810,163.78751,3.54,42.82
e00fce680cdac6c15e5dfc75,3/2/2024 13:00:15,waterLevel_0001,waterLevel,1709402411,147.81250,3.54,42.41
e00fce686649823d18a012b5,3/2/2024 13:00:15,waterLevel_0000,waterLevel,1709402410,307.05695,4.06,71.59
e00fce686649823d18a012b5,3/2/2024 14:00:12,waterLevel_0000,waterLevel,1709406010,304.63333,4.07,71.59
e00fce680cdac6c15e5dfc75,3/2/2024 14:00:14,waterLevel_0001,waterLevel,1709406010,141.10834,3.54,42.41
e00fce686649823d18a012b5,3/2/2024 15:00:12,waterLevel_0000,waterLevel,1709409610,317.02084,4.06,71.76
e00fce680cdac6c15e5dfc75,3/2/2024 15:00:15,waterLevel_0001,waterLevel,1709409611,146.17500,3.54,42.00
e00fce686649823d18a012b5,3/2/2024 16:00:13,waterLevel_0000,waterLevel,1709413210,339.21249,4.05,71.76
e00fce680cdac6c15e5dfc75,3/2/2024 16:00:14,waterLevel_0001,waterLevel,1709413210,163.32639,3.54,41.59
e00fce680cdac6c15e5dfc75,3/2/2024 17:00:14,waterLevel_0001,waterLevel,1709416810,191.17361,3.53,41.59
e00fce686649823d18a012b5,3/2/2024 17:00:17,waterLevel_0000,waterLevel,1709416810,363.75418,4.04,71.76
e00fce680cdac6c15e5dfc75,3/2/2024 18:00:14,waterLevel_0001,waterLevel,1709420410,216.43056,3.53,41.19
e00fce686649823d18a012b5,3/2/2024 18:00:17,waterLevel_0000,waterLevel,1709420410,390.69583,4.03,71.92
e00fce686649823d18a012b5,3/2/2024 19:00:13,waterLevel_0000,waterLevel,1709424011,410.25696,4.02,72.09
e00fce680cdac6c15e5dfc75,3/2/2024 19:00:15,waterLevel_0001,waterLevel,1709424010,236.25417,3.53,41.19
e00fce686649823d18a012b5,3/2/2024 20:00:13,waterLevel_0000,waterLevel,1709427610,422.46805,4.01,72.09
e00fce680cdac6c15e5dfc75,3/2/2024 20:00:15,waterLevel_0001,waterLevel,1709427610,249.78334,3.52,40.82
e00fce686649823d18a012b5,3/2/2024 21:00:13,waterLevel_0000,waterLevel,1709431211,420.20001,4.00,72.09
e00fce680cdac6c15e5dfc75,3/2/2024 21:00:15,waterLevel_0001,waterLevel,1709431211,256.29999,3.52,40.46
e00fce686649823d18a012b5,3/2/2024 22:00:12,waterLevel_0000,waterLevel,1709434810,390.85693,3.99,72.09
e00fce680cdac6c15e5dfc75,3/2/2024 22:00:16,waterLevel_0001,waterLevel,1709434811,229.96388,3.52,40.11
e00fce686649823d18a012b5,3/2/2024 23:00:13,waterLevel_0000,waterLevel,1709438410,363.20416,3.98,72.09
e00fce680cdac6c15e5dfc75,3/2/2024 23:00:15,waterLevel_0001,waterLevel,1709438410,205.08749,3.52,40.11
e00fce686649823d18a012b5,3/3/2024 0:00:13,waterLevel_0000,waterLevel,1709442010,338.58472,3.98,72.09
e00fce680cdac6c15e5dfc75,3/3/2024 0:00:15,waterLevel_0001,waterLevel,1709442010,181.00694,3.51,39.75
e00fce686649823d18a012b5,3/3/2024 1:00:13,waterLevel_0000,waterLevel,1709445610,318.44446,3.98,72.09
e00fce680cdac6c15e5dfc75,3/3/2024 1:00:15,waterLevel_0001,waterLevel,1709445610,160.70555,3.51,39.38
e00fce686649823d18a012b5,3/3/2024 2:00:13,waterLevel_0000,waterLevel,1709449211,302.81668,3.97,72.09
e00fce680cdac6c15e5dfc75,3/3/2024 2:00:16,waterLevel_0001,waterLevel,1709449210,146.65416,3.51,39.38
e00fce686649823d18a012b5,3/3/2024 3:00:13,waterLevel_0000,waterLevel,1709452811,295.08612,3.97,72.09
e00fce680cdac6c15e5dfc75,3/3/2024 3:00:16,waterLevel_0001,waterLevel,1709452811,135.92223,3.51,39.02
e00fce686649823d18a012b5,3/3/2024 4:00:13,waterLevel_0000,waterLevel,1709456411,294.87082,3.96,72.09
e00fce680cdac6c15e5dfc75,3/3/2024 4:00:15,waterLevel_0001,waterLevel,1709456410,131.70972,3.50,38.66
e00fce686649823d18a012b5,3/3/2024 5:00:13,waterLevel_0000,waterLevel,1709460011,315.20694,3.95,72.09
e00fce680cdac6c15e5dfc75,3/3/2024 5:00:15,waterLevel_0001,waterLevel,1709460010,139.31528,3.50,38.30
e00fce686649823d18a012b5,3/3/2024 6:00:13,waterLevel_0000,waterLevel,1709463611,346.61945,3.95,72.09
e00fce680cdac6c15e5dfc75,3/3/2024 6:00:15,waterLevel_0001,waterLevel,1709463610,166.50833,3.50,38.30
e00fce686649823d18a012b5,3/3/2024 7:00:12,waterLevel_0000,waterLevel,1709467210,377.13474,3.94,72.09
e00fce680cdac6c15e5dfc75,3/3/2024 7:00:15,waterLevel_0001,waterLevel,1709467210,209.85834,3.49,37.94
e00fce686649823d18a012b5,3/3/2024 8:00:14,waterLevel_0000,waterLevel,1709470810,403.40277,3.94,72.09
e00fce680cdac6c15e5dfc75,3/3/2024 8:00:15,waterLevel_0001,waterLevel,1709470810,238.63750,3.49,37.58
e00fce686649823d18a012b5,3/3/2024 9:00:18,waterLevel_0000,waterLevel,1709474410,413.58334,3.93,72.09
e00fce680cdac6c15e5dfc75,3/3/2024 10:00:16,waterLevel_0001,waterLevel,1709478010,253.03889,3.49,37.22
e00fce686649823d18a012b5,3/3/2024 10:00:18,waterLevel_0000,waterLevel,1709478011,411.13333,3.94,71.92
e00fce680cdac6c15e5dfc75,3/3/2024 11:00:16,waterLevel_0001,waterLevel,1709481610,227.81667,3.48,36.86
e00fce686649823d18a012b5,3/3/2024 11:00:26,waterLevel_0000,waterLevel,1709481610,384.44724,3.93,71.92
e00fce680cdac6c15e5dfc75,3/3/2024 12:00:16,waterLevel_0001,waterLevel,1709485210,196.51666,3.48,36.50
e00fce686649823d18a012b5,3/3/2024 12:00:19,waterLevel_0000,waterLevel,1709485210,353.77084,3.93,71.76
e00fce680cdac6c15e5dfc75,3/3/2024 13:00:16,waterLevel_0001,waterLevel,1709488810,173.71805,3.48,36.50
e00fce686649823d18a012b5,3/3/2024 13:00:18,waterLevel_0000,waterLevel,1709488810,331.37640,3.93,71.76
e00fce680cdac6c15e5dfc75,3/3/2024 14:00:16,waterLevel_0001,waterLevel,1709492410,161.54028,3.48,36.14
e00fce686649823d18a012b5,3/3/2024 14:00:21,waterLevel_0000,waterLevel,1709492410,320.65277,3.92,71.76
e00fce680cdac6c15e5dfc75,3/3/2024 15:00:16,waterLevel_0001,waterLevel,1709496010,157.94444,3.48,35.78
e00fce686649823d18a012b5,3/3/2024 15:00:21,waterLevel_0000,waterLevel,1709496010,318.24445,3.92,71.59
e00fce680cdac6c15e5dfc75,3/3/2024 16:00:16,waterLevel_0001,waterLevel,1709499610,165.97362,3.47,35.42
e00fce686649823d18a012b5,3/3/2024 16:00:19,waterLevel_0000,waterLevel,1709499610,328.38751,3.90,71.59
e00fce686649823d18a012b5,3/3/2024 17:00:14,waterLevel_0000,waterLevel,1709503210,348.89444,3.89,71.43
e00fce680cdac6c15e5dfc75,3/3/2024 17:00:16,waterLevel_0001,waterLevel,1709503210,187.21666,3.47,35.06
e00fce686649823d18a012b5,3/3/2024 18:00:13,waterLevel_0000,waterLevel,1709506811,372.36389,3.88,71.43
e00fce680cdac6c15e5dfc75,3/3/2024 18:00:16,waterLevel_0001,waterLevel,1709506810,210.81389,3.47,35.06
e00fce686649823d18a012b5,3/3/2024 19:00:13,waterLevel_0000,waterLevel,1709510411,394.35693,3.88,71.27
e00fce680cdac6c15e5dfc75,3/3/2024 19:00:17,waterLevel_0001,waterLevel,1709510410,231.51527,3.47,34.70
e00fce686649823d18a012b5,3/3/2024 20:00:13,waterLevel_0000,waterLevel,1709514011,412.73611,3.87,71.27
e00fce680cdac6c15e5dfc75,3/3/2024 20:00:17,waterLevel_0001,waterLevel,1709514010,251.56667,3.47,34.27
e00fce686649823d18a012b5,3/3/2024 21:00:13,waterLevel_0000,waterLevel,1709517611,422.22778,3.87,71.10
e00fce680cdac6c15e5dfc75,3/3/2024 21:00:17,waterLevel_0001,waterLevel,1709517611,262.47778,3.46,34.27
e00fce686649823d18a012b5,3/3/2024 22:00:13,waterLevel_0000,waterLevel,1709521211,413.51529,3.87,71.10
e00fce680cdac6c15e5dfc75,3/3/2024 22:00:17,waterLevel_0001,waterLevel,1709521210,255.31111,3.46,33.84
e00fce686649823d18a012b5,3/3/2024 23:00:13,waterLevel_0000,waterLevel,1709524810,387.58890,3.86,70.94
e00fce680cdac6c15e5dfc75,3/3/2024 23:00:17,waterLevel_0001,waterLevel,1709524810,231.76666,3.46,33.41
e00fce686649823d18a012b5,3/4/2024 0:00:13,waterLevel_0000,waterLevel,1709528410,355.80276,3.85,70.94
e00fce680cdac6c15e5dfc75,3/4/2024 0:00:17,waterLevel_0001,waterLevel,1709528410,200.55278,3.46,33.41
e00fce686649823d18a012b5,3/4/2024 1:00:13,waterLevel_0000,waterLevel,1709532010,328.30832,3.84,70.77
e00fce680cdac6c15e5dfc75,3/4/2024 1:00:17,waterLevel_0001,waterLevel,1709532010,171.94444,3.46,32.98
e00fce686649823d18a012b5,3/4/2024 2:00:13,waterLevel_0000,waterLevel,1709535610,308.75833,3.84,70.77
e00fce680cdac6c15e5dfc75,3/4/2024 2:00:17,waterLevel_0001,waterLevel,1709535610,154.13889,3.46,32.55
e00fce680cdac6c15e5dfc75,3/4/2024 3:00:17,waterLevel_0001,waterLevel,1709539210,142.16112,3.46,32.55
e00fce686649823d18a012b5,3/4/2024 3:00:18,waterLevel_0000,waterLevel,1709539210,298.05417,3.83,70.61
e00fce686649823d18a012b5,3/4/2024 4:00:13,waterLevel_0000,waterLevel,1709542810,290.78610,3.83,70.45
e00fce680cdac6c15e5dfc75,3/4/2024 4:00:17,waterLevel_0001,waterLevel,1709542810,133.75972,3.45,32.12
e00fce686649823d18a012b5,3/4/2024 5:00:13,waterLevel_0000,waterLevel,1709546410,294.14999,3.82,70.28
e00fce680cdac6c15e5dfc75,3/4/2024 5:00:17,waterLevel_0001,waterLevel,1709546410,130.22639,3.45,31.69
e00fce686649823d18a012b5,3/4/2024 6:00:13,waterLevel_0000,waterLevel,1709550010,312.84723,3.81,70.28
e00fce680cdac6c15e5dfc75,3/4/2024 6:00:17,waterLevel_0001,waterLevel,1709550010,138.67223,3.45,31.69
e00fce686649823d18a012b5,3/4/2024 7:00:13,waterLevel_0000,waterLevel,1709553610,342.71390,3.80,70.12
e00fce680cdac6c15e5dfc75,3/4/2024 7:00:18,waterLevel_0001,waterLevel,1709553610,164.28055,3.45,31.26
e00fce686649823d18a012b5,3/4/2024 8:00:13,waterLevel_0000,waterLevel,1709557211,370.70557,3.79,69.95
e00fce680cdac6c15e5dfc75,3/4/2024 8:00:18,waterLevel_0001,waterLevel,1709557211,207.76666,3.45,30.83
e00fce680cdac6c15e5dfc75,3/4/2024 9:00:17,waterLevel_0001,waterLevel,1709560810,233.14722,3.45,30.83
e00fce686649823d18a012b5,3/4/2024 9:00:20,waterLevel_0000,waterLevel,1709560810,395.16943,3.79,69.62
e00fce680cdac6c15e5dfc75,3/4/2024 10:00:18,waterLevel_0001,waterLevel,1709564410,248.67361,3.45,30.40
e00fce686649823d18a012b5,3/4/2024 10:00:58,waterLevel_0000,waterLevel,1709564450,407.42639,3.78,69.30
e00fce680cdac6c15e5dfc75,3/4/2024 11:00:18,waterLevel_0001,waterLevel,1709568010,245.20000,3.44,29.97
e00fce686649823d18a012b5,3/4/2024 11:00:56,waterLevel_0000,waterLevel,1709568045,401.10834,3.77,68.64
e00fce680cdac6c15e5dfc75,3/4/2024 12:00:23,waterLevel_0001,waterLevel,1709571616,220.94028,3.44,29.97
e00fce686649823d18a012b5,3/4/2024 12:00:39,waterLevel_0000,waterLevel,1709571635,376.43750,3.76,68.31
e00fce680cdac6c15e5dfc75,3/4/2024 13:00:12,waterLevel_0001,waterLevel,1709575210,192.23334,3.44,29.54
e00fce686649823d18a012b5,3/4/2024 13:00:59,waterLevel_0000,waterLevel,1709575245,347.92361,3.75,67.73
e00fce680cdac6c15e5dfc75,3/4/2024 14:00:12,waterLevel_0001,waterLevel,1709578810,169.47501,3.44,29.11
e00fce686649823d18a012b5,3/4/2024 14:01:01,waterLevel_0000,waterLevel,1709578850,326.28610,3.75,67.16
e00fce680cdac6c15e5dfc75,3/4/2024 15:00:12,waterLevel_0001,waterLevel,1709582410,154.53612,3.43,28.68
e00fce686649823d18a012b5,3/4/2024 15:00:51,waterLevel_0000,waterLevel,1709582440,310.53195,3.74,66.58
e00fce680cdac6c15e5dfc75,3/4/2024 16:00:12,waterLevel_0001,waterLevel,1709586010,145.35556,3.42,28.25
e00fce686649823d18a012b5,3/4/2024 16:00:36,waterLevel_0000,waterLevel,1709586030,304.94583,3.73,66.14
e00fce680cdac6c15e5dfc75,3/4/2024 17:00:13,waterLevel_0001,waterLevel,1709589610,150.26111,3.42,28.25
e00fce686649823d18a012b5,3/4/2024 17:00:51,waterLevel_0000,waterLevel,1709589640,316.41251,3.73,65.57
e00fce680cdac6c15e5dfc75,3/4/2024 18:00:12,waterLevel_0001,waterLevel,1709593210,173.92361,3.41,27.82
e00fce686649823d18a012b5,3/4/2024 18:00:32,waterLevel_0000,waterLevel,1709593230,340.74026,3.71,65.13
e00fce686649823d18a012b5,3/4/2024 19:00:12,waterLevel_0000,waterLevel,1709596810,365.47360,3.70,64.99
e00fce680cdac6c15e5dfc75,3/4/2024 19:00:13,waterLevel_0001,waterLevel,1709596810,203.41389,3.40,27.39
e00fce680cdac6c15e5dfc75,3/4/2024 20:00:13,waterLevel_0001,waterLevel,1709600410,223.94583,3.39,27.39
e00fce686649823d18a012b5,3/4/2024 20:00:19,waterLevel_0000,waterLevel,1709600410,386.16251,3.69,64.70
e00fce686649823d18a012b5,3/4/2024 21:00:13,waterLevel_0000,waterLevel,1709604011,403.65277,3.69,64.41
e00fce680cdac6c15e5dfc75,3/4/2024 21:00:13,waterLevel_0001,waterLevel,1709604010,241.24583,3.35,26.96
e00fce686649823d18a012b5,3/4/2024 22:00:13,waterLevel_0000,waterLevel,1709607611,413.75833,3.67,64.27
e00fce680cdac6c15e5dfc75,3/4/2024 22:00:13,waterLevel_0001,waterLevel,1709607610,249.82361,3.30,26.54
e00fce680cdac6c15e5dfc75,3/4/2024 23:00:13,waterLevel_0001,waterLevel,1709611210,246.33194,3.29,26.11
e00fce686649823d18a012b5,3/4/2024 23:00:13,waterLevel_0000,waterLevel,1709611211,406.37082,3.67,64.12
e00fce680cdac6c15e5dfc75,3/5/2024 0:00:13,waterLevel_0001,waterLevel,1709614810,220.64444,3.27,25.68
e00fce686649823d18a012b5,3/5/2024 1:00:13,waterLevel_0000,waterLevel,1709618410,356.92084,3.66,63.40
e00fce680cdac6c15e5dfc75,3/5/2024 1:00:13,waterLevel_0001,waterLevel,1709618410,193.80695,3.25,25.25
e00fce686649823d18a012b5,3/5/2024 2:00:13,waterLevel_0000,waterLevel,1709622011,325.65695,3.66,63.11
e00fce680cdac6c15e5dfc75,3/5/2024 2:00:13,waterLevel_0001,waterLevel,1709622010,163.35973,3.22,24.82
e00fce680cdac6c15e5dfc75,3/5/2024 3:00:13,waterLevel_0001,waterLevel,1709625610,142.28612,3.20,23.96
e00fce686649823d18a012b5,3/5/2024 3:00:13,waterLevel_0000,waterLevel,1709625611,303.10693,3.66,62.96
e00fce686649823d18a012b5,3/5/2024 4:00:12,waterLevel_0000,waterLevel,1709629210,290.09027,3.65,62.82
e00fce680cdac6c15e5dfc75,3/5/2024 4:00:14,waterLevel_0001,waterLevel,1709629210,128.59305,3.17,23.53
e00fce680cdac6c15e5dfc75,3/5/2024 5:00:14,waterLevel_0001,waterLevel,1709632810,117.19444,3.14,23.10
e00fce680cdac6c15e5dfc75,3/5/2024 6:00:14,waterLevel_0001,waterLevel,1709636410,110.10278,3.10,22.67
e00fce686649823d18a012b5,3/5/2024 6:00:22,waterLevel_0000,waterLevel,1709636410,282.99445,3.65,61.95
e00fce686649823d18a012b5,3/5/2024 7:00:13,waterLevel_0000,waterLevel,1709640010,302.07361,3.64,61.66
e00fce680cdac6c15e5dfc75,3/5/2024 7:00:14,waterLevel_0001,waterLevel,1709640011,113.93195,3.05,21.81
e00fce680cdac6c15e5dfc75,3/5/2024 8:00:13,waterLevel_0001,waterLevel,1709643610,125.66389,2.96,21.38
e00fce686649823d18a012b5,3/5/2024 8:00:14,waterLevel_0000,waterLevel,1709643610,330.66943,3.64,61.38
e00fce686649823d18a012b5,3/5/2024 9:00:46,waterLevel_0000,waterLevel,1709647240,361.59305,3.64,60.74
e00fce686649823d18a012b5,3/5/2024 10:00:42,waterLevel_0000,waterLevel,1709650830,390.04584,3.64,60.11
e00fce686649823d18a012b5,3/5/2024 11:00:46,waterLevel_0000,waterLevel,1709654440,405.32639,3.64,59.48
e00fce686649823d18a012b5,3/5/2024 12:00:41,waterLevel_0000,waterLevel,1709658035,401.06668,3.64,58.84
e00fce680cdac6c15e5dfc75,3/5/2024 12:04:45,waterLevel_0001,waterLevel,1709658284,33.73195,4.10,90.22
e00fce680cdac6c15e5dfc75,3/5/2024 12:09:02,waterLevel_0001,waterLevel,1709658541,38.95555,4.11,90.22
e00fce680cdac6c15e5dfc75,3/5/2024 13:00:12,waterLevel_0001,waterLevel,1709661610,217.51250,4.10,90.22
e00fce686649823d18a012b5,3/5/2024 13:00:47,waterLevel_0000,waterLevel,1709661641,377.19446,3.64,58.21
e00fce680cdac6c15e5dfc75,3/5/2024 14:00:13,waterLevel_0001,waterLevel,1709665210,191.40277,4.10,90.22
e00fce686649823d18a012b5,3/5/2024 14:00:36,waterLevel_0000,waterLevel,1709665230,348.53751,3.64,57.58
e00fce680cdac6c15e5dfc75,3/5/2024 15:00:12,waterLevel_0001,waterLevel,1709668810,164.75139,4.09,90.22
e00fce686649823d18a012b5,3/5/2024 15:00:47,waterLevel_0000,waterLevel,1709668840,323.00696,3.63,56.95